customer_id,order_id,product_id,order_date_day,promised_date_day,qty_ordered,plant_id,ship_date_day,delivery_date_day,qty_shipped,batch_id,business_unit,shipped,on_time_delivery,in_full_delivery,otif,backorder,month_index
CUST-00238,ORD-00000694,CM-GAD-A,151,191.3147974672597,637,PLT-IT,179.07860518877567,181.26530556876216,637,BATCH-000018,Diagnostic Imaging EMEA,True,True,True,True,False,5
CUST-00189,ORD-00000712,CM-GAD-A,153,193.6265165500724,530,PLT-IT,180.2594020507611,182.467383045262,530,BATCH-000018,Diagnostic Imaging EMEA,True,True,True,True,False,5
CUST-00006,ORD-00000718,CM-GAD-A,153,192.29731172907609,930,PLT-IT,178.39313034680146,180.59046790074805,930,BATCH-000018,Diagnostic Imaging EMEA,True,True,True,True,False,5
CUST-00059,ORD-00000973,CM-BAR-A,162,193.43418122820145,636,PLT-SG,178.7233942904781,192.8223938855422,636,BATCH-000025,Diagnostic Imaging Americas,True,True,True,True,False,5
CUST-00213,ORD-00000986,CM-BAR-A,163,194.00966537088544,906,PLT-SG,180.16064845420973,185.38858656511934,906,BATCH-000025,Diagnostic Imaging APAC,True,True,True,True,False,5
CUST-00170,ORD-00000989,CM-BAR-A,160,191.3232288171067,694,PLT-SG,180.09172252668978,192.93819867098605,694,BATCH-000025,Diagnostic Imaging EMEA,True,False,True,False,False,5
CUST-00242,ORD-00000990,CM-BAR-A,158,189.7509786348046,546,PLT-SG,178.85002003130668,192.2745203804057,546,BATCH-000025,Diagnostic Imaging EMEA,True,False,True,False,False,5
CUST-00161,ORD-00000993,CM-BAR-A,161,193.05961025016126,494,PLT-SG,180.14236637553935,193.22011686009023,494,BATCH-000025,Diagnostic Imaging EMEA,True,False,True,False,False,5
CUST-00092,ORD-00000996,CM-BAR-A,158,188.61246868834104,604,PLT-SG,179.09756300819282,192.59614951353277,604,BATCH-000025,Diagnostic Imaging EMEA,True,False,True,False,False,5
CUST-00059,ORD-00001013,CM-BAR-A,161,193.2148234299706,429,PLT-SG,178.9579113373962,194.82056870386353,429,BATCH-000025,Diagnostic Imaging Americas,True,False,True,False,False,5
CUST-00156,ORD-00001020,CM-BAR-A,160,191.61292439292006,915,PLT-SG,179.33723155307644,194.06568962567295,915,BATCH-000025,Diagnostic Imaging Americas,True,False,True,False,False,5
CUST-00213,ORD-00002219,CM-GAD-B,158,198.31929123424078,424,PLT-IT,187.015049955769,200.00382802017927,424,BATCH-000055,Diagnostic Imaging APAC,True,False,True,False,False,5
CUST-00237,ORD-00002227,CM-GAD-B,157,196.47617038866633,886,PLT-IT,,,0,BATCH-000055,Diagnostic Imaging APAC,False,False,False,False,True,5
CUST-00063,ORD-00002254,CM-GAD-B,156,196.11902735302945,504,PLT-IT,189.3405960407283,192.81975680831607,504,BATCH-000055,Diagnostic Imaging EMEA,True,True,True,True,False,5
CUST-00048,ORD-00002258,CM-GAD-B,157,196.54258094837772,851,PLT-IT,187.5991737346812,190.07464752216126,851,BATCH-000055,Diagnostic Imaging EMEA,True,True,True,True,False,5
CUST-00065,ORD-00005046,CM-BAR-A,152,184.17976711548926,566,PLT-IT,171.16652980233067,181.7361671075961,566,BATCH-000126,Diagnostic Imaging Americas,True,True,True,True,False,5
CUST-00008,ORD-00005048,CM-BAR-A,151,183.84263220667222,718,PLT-IT,171.7206358283838,173.87437453017478,718,BATCH-000126,Diagnostic Imaging EMEA,True,True,True,True,False,5
CUST-00249,ORD-00005794,CM-BAR-B,153,185.2240778680917,608,PLT-SG,170.46802824956757,182.32361710938218,608,BATCH-000144,Diagnostic Imaging EMEA,True,True,True,True,False,5
CUST-00131,ORD-00005816,CM-BAR-B,156,189.42305694726187,714,PLT-SG,171.1847922246375,182.84144119616886,714,BATCH-000144,Diagnostic Imaging EMEA,True,True,True,True,False,5
CUST-00245,ORD-00005931,CM-IOD-A,177,213.31093621884375,1149,PLT-IT,198.7711920901123,207.3639056391887,1149,BATCH-000147,Diagnostic Imaging Americas,True,True,True,True,False,5
CUST-00175,ORD-00007778,CM-IOD-A,176,212.76083888555632,1621,PLT-IT,193.80482859540268,207.1709580083646,1621,BATCH-000195,Diagnostic Imaging APAC,True,True,True,True,False,5
CUST-00067,ORD-00007783,CM-IOD-A,176,209.99312293323877,769,PLT-IT,195.3920934238002,198.18475031337928,769,BATCH-000195,Diagnostic Imaging EMEA,True,True,True,True,False,5
CUST-00246,ORD-00007784,CM-IOD-A,175,211.4899299493376,899,PLT-IT,194.70086974423032,203.9141867669015,899,BATCH-000195,Diagnostic Imaging Americas,True,True,True,True,False,5
CUST-00153,ORD-00007796,CM-IOD-A,177,214.21512486003064,1772,PLT-IT,195.57676337248805,198.62086391259646,1772,BATCH-000195,Diagnostic Imaging EMEA,True,True,True,True,False,5
CUST-00125,ORD-00007805,CM-IOD-A,176,211.14711062961342,1224,PLT-IT,197.08082636681002,200.45407316374383,1224,BATCH-000195,Diagnostic Imaging EMEA,True,True,True,True,False,5
CUST-00132,ORD-00007826,CM-IOD-A,175,210.94620859487824,1349,PLT-IT,195.0824013269505,197.58689888704356,1349,BATCH-000195,Diagnostic Imaging EMEA,True,True,True,True,False,5
CUST-00178,ORD-00007827,CM-IOD-A,175,210.41145174044166,671,PLT-IT,195.73669473200601,207.2298863187754,671,BATCH-000195,Diagnostic Imaging APAC,True,True,True,True,False,5
CUST-00140,ORD-00007829,CM-IOD-A,176,213.44939562960144,1178,PLT-IT,194.47848716074284,197.94310439520635,1178,BATCH-000195,Diagnostic Imaging EMEA,True,True,True,True,False,5
CUST-00207,ORD-00007989,CM-BAR-A,160,191.65591983740842,429,PLT-IT,182.18478954884037,195.010580409559,429,BATCH-000200,Diagnostic Imaging APAC,True,False,True,False,False,5
CUST-00138,ORD-00008003,CM-BAR-A,156,188.65826652163952,920,PLT-IT,179.9828275025317,184.48183618424872,920,BATCH-000200,Diagnostic Imaging EMEA,True,True,True,True,False,5
CUST-00043,ORD-00008008,CM-BAR-A,161,193.21152706697927,844,PLT-IT,179.48406772021676,182.18750811480083,844,BATCH-000200,Diagnostic Imaging EMEA,True,True,True,True,False,5
CUST-00080,ORD-00008014,CM-BAR-A,161,191.9261412793941,770,PLT-IT,180.27018309309534,191.42053239183298,770,BATCH-000200,Diagnostic Imaging APAC,True,True,True,True,False,5
CUST-00003,ORD-00008342,CM-IOD-B,150,184.82791593443037,1089,PLT-IT,172.9420924085466,175.47721688665382,1089,BATCH-000209,Diagnostic Imaging EMEA,True,True,True,True,False,5
CUST-00043,ORD-00008360,CM-IOD-B,152,187.40093130758794,1342,PLT-IT,173.4256033365611,175.6591189690833,1342,BATCH-000209,Diagnostic Imaging EMEA,True,True,True,True,False,5
CUST-00098,ORD-00008362,CM-IOD-B,151,187.51077778986672,1016,PLT-IT,174.80773923955743,177.12566407814478,1016,BATCH-000209,Diagnostic Imaging EMEA,True,True,True,True,False,5
CUST-00005,ORD-00008364,CM-IOD-B,151,188.3688030697065,627,PLT-IT,176.68360251936986,179.78358154131064,627,BATCH-000209,Diagnostic Imaging EMEA,True,True,True,True,False,5
CUST-00151,ORD-00008368,CM-IOD-B,151,187.48846253777603,893,PLT-IT,174.62962388702894,178.49708769186773,893,BATCH-000209,Diagnostic Imaging EMEA,True,True,True,True,False,5
CUST-00150,ORD-00008380,CM-IOD-B,150,182.92577346905256,947,PLT-IT,176.86076073682662,181.0536562620074,947,BATCH-000209,Diagnostic Imaging EMEA,True,True,True,True,False,5
CUST-00202,ORD-00008429,CM-BAR-A,157,189.33741718664896,769,PLT-NL,172.5677413529621,181.98603267578548,769,BATCH-000211,Diagnostic Imaging Americas,True,True,True,True,False,5
CUST-00083,ORD-00008436,CM-BAR-A,157,191.46813710496696,549,PLT-NL,173.66722292410407,177.099703455368,549,BATCH-000211,Diagnostic Imaging EMEA,True,True,True,True,False,5
CUST-00204,ORD-00008443,CM-BAR-A,155,187.6187328377237,751,PLT-NL,173.34428508757404,174.77931777717836,751,BATCH-000211,Diagnostic Imaging EMEA,True,True,True,True,False,5
CUST-00056,ORD-00008447,CM-BAR-A,154,185.87958193602083,1020,PLT-NL,172.44014211614999,183.38265284035128,1020,BATCH-000211,Diagnostic Imaging APAC,True,True,True,True,False,5
CUST-00258,ORD-00008455,CM-BAR-A,153,186.66822070660726,478,PLT-NL,172.93990170530924,181.64615998807696,478,BATCH-000211,Diagnostic Imaging Americas,True,True,True,True,False,5
CUST-00051,ORD-00008926,CM-GAD-A,173,212.9293728770509,686,PLT-IT,197.60099311967238,205.53937296529185,686,BATCH-000224,Diagnostic Imaging Americas,True,True,True,True,False,5
CUST-00004,ORD-00008938,CM-GAD-A,171,211.18550364069267,797,PLT-IT,197.83700657214084,201.29059203768216,797,BATCH-000224,Diagnostic Imaging EMEA,True,True,True,True,False,5
CUST-00244,ORD-00008950,CM-GAD-A,172,210.7050130302733,615,PLT-IT,196.53680552082923,209.3874196918482,615,BATCH-000224,Diagnostic Imaging APAC,True,True,True,True,False,5
CUST-00088,ORD-00008952,CM-GAD-A,168,209.2860529580324,518,PLT-IT,196.16420150853907,208.043141089088,518,BATCH-000224,Diagnostic Imaging APAC,True,True,True,True,False,5
CUST-00025,ORD-00010224,CM-IOD-B,171,205.90387394110917,1048,PLT-IT,188.8678932770546,190.70943180695272,1048,BATCH-000256,Diagnostic Imaging EMEA,True,True,True,True,False,5
CUST-00259,ORD-00010226,CM-IOD-B,169,205.61899011926968,1339,PLT-IT,190.86291657198618,193.5740347103507,1339,BATCH-000256,Diagnostic Imaging EMEA,True,True,True,True,False,5
CUST-00139,ORD-00013813,CM-IOD-A,177,213.37940167548297,1072,PLT-NL,201.54617346566894,204.15186687673497,1072,BATCH-000350,Diagnostic Imaging EMEA,True,True,True,True,False,5
CUST-00057,ORD-00013819,CM-IOD-A,177,214.18775608278264,934,PLT-NL,200.97346770856734,212.9399513399313,934,BATCH-000350,Diagnostic Imaging APAC,True,True,True,True,False,5
CUST-00011,ORD-00013859,CM-IOD-A,176,212.6009265379427,1045,PLT-NL,200.53485960163889,203.929801737716,1045,BATCH-000350,Diagnostic Imaging EMEA,True,True,True,True,False,5
CUST-00084,ORD-00013906,CM-GAD-B,163,203.81498212166773,646,PLT-NL,186.19770231328263,189.18875163506848,646,BATCH-000352,Diagnostic Imaging EMEA,True,True,True,True,False,5
CUST-00197,ORD-00013907,CM-GAD-B,161,201.92375420463185,720,PLT-NL,190.4885865343349,202.8105011343299,720,BATCH-000352,Diagnostic Imaging APAC,True,False,True,False,False,5
CUST-00050,ORD-00013910,CM-GAD-B,162,201.2179292561775,428,PLT-NL,188.23646725832046,198.01902103363864,428,BATCH-000352,Diagnostic Imaging Americas,True,True,True,True,False,5
CUST-00165,ORD-00013921,CM-GAD-B,160,200.20650778535426,637,PLT-NL,188.11785038177783,200.27134774216978,637,BATCH-000352,Diagnostic Imaging APAC,True,False,True,False,False,5
CUST-00172,ORD-00015018,CM-IOD-A,156,191.02351597467504,830,PLT-SG,181.04706309093052,193.76792640299695,830,BATCH-000383,Diagnostic Imaging EMEA,True,False,True,False,False,5
CUST-00212,ORD-00015025,CM-IOD-A,160,196.68187329506577,1033,PLT-SG,179.8692585746649,192.10870956839335,1033,BATCH-000383,Diagnostic Imaging EMEA,True,True,True,True,False,5
CUST-00112,ORD-00015462,CM-IOD-B,173,206.2858046570787,978,PLT-IT,189.36015515630254,198.88000600515173,978,BATCH-000393,Diagnostic Imaging Americas,True,True,True,True,False,5
CUST-00258,ORD-00016302,CM-IOD-B,160,194.49883709459212,1515,PLT-NL,185.06836173829333,194.88908738278354,1515,BATCH-000414,Diagnostic Imaging Americas,True,False,True,False,False,5
CUST-00178,ORD-00016335,CM-IOD-B,163,196.6452784288972,1068,PLT-NL,,,0,BATCH-000414,Diagnostic Imaging APAC,False,False,False,False,True,5
CUST-00075,ORD-00016884,CM-IOD-B,163,197.45906362387638,667,PLT-SG,189.32035365017282,202.08589236767773,667,BATCH-000427,Diagnostic Imaging EMEA,True,False,True,False,False,5
CUST-00126,ORD-00017592,CM-BAR-A,158,189.56584583441298,891,PLT-NL,174.2298541714709,183.64405601082703,891,BATCH-000445,Diagnostic Imaging Americas,True,True,True,True,False,5
CUST-00116,ORD-00017597,CM-BAR-A,154,187.7622004957096,979,PLT-NL,172.275592174933,174.69815927963455,979,BATCH-000445,Diagnostic Imaging EMEA,True,True,True,True,False,5
CUST-00026,ORD-00017601,CM-BAR-A,153,184.00004430644256,825,PLT-NL,174.4538571962811,186.86775867634307,825,BATCH-000445,Diagnostic Imaging APAC,True,False,True,False,False,5
CUST-00049,ORD-00019082,CM-BAR-B,179,211.4238783172911,1137,PLT-IT,195.8022852696994,204.11785190483417,1137,BATCH-000483,Diagnostic Imaging Americas,True,True,True,True,False,5
CUST-00213,ORD-00019086,CM-BAR-B,176,206.8779335807864,694,PLT-IT,195.85466501770782,207.52759915722828,694,BATCH-000483,Diagnostic Imaging APAC,True,False,True,False,False,5
CUST-00083,ORD-00019093,CM-BAR-B,178,208.26861475465142,553,PLT-IT,194.37283619468045,196.44536601981318,553,BATCH-000483,Diagnostic Imaging EMEA,True,True,True,True,False,5
CUST-00102,ORD-00019094,CM-BAR-B,177,207.85788976596137,658,PLT-IT,195.932729269992,198.92143583267588,658,BATCH-000483,Diagnostic Imaging EMEA,True,True,True,True,False,5
CUST-00080,ORD-00019503,CM-GAD-A,176,217.0516300628144,570,PLT-IT,201.88206898116266,214.01244777149168,570,BATCH-000494,Diagnostic Imaging APAC,True,True,True,True,False,5
CUST-00151,ORD-00020675,CM-IOD-A,153,187.14676886198936,745,PLT-SG,174.23298059688267,186.5476514416129,745,BATCH-000524,Diagnostic Imaging EMEA,True,True,True,True,False,5
CUST-00144,ORD-00020677,CM-IOD-A,157,192.85928959729864,795,PLT-SG,,,0,BATCH-000524,Diagnostic Imaging EMEA,False,False,False,False,True,5
CUST-00029,ORD-00020704,CM-IOD-A,157,193.1900039519051,954,PLT-SG,176.7910345142906,180.96690992311252,954,BATCH-000524,Diagnostic Imaging APAC,True,True,True,True,False,5
CUST-00252,ORD-00021056,CM-IOD-A,173,207.1612796319158,1209,PLT-IT,197.68306001577827,207.70873343557747,1209,BATCH-000534,Diagnostic Imaging Americas,True,False,True,False,False,5
CUST-00038,ORD-00021066,CM-IOD-A,171,206.31705701478288,1296,PLT-IT,193.54735902265907,197.39265754339414,1296,BATCH-000534,Diagnostic Imaging EMEA,True,True,True,True,False,5
CUST-00138,ORD-00021090,CM-IOD-A,170,205.60092958856302,1016,PLT-IT,195.6811215502113,198.41724667353864,1016,BATCH-000534,Diagnostic Imaging EMEA,True,True,True,True,False,5
CUST-00064,ORD-00021091,CM-IOD-A,172,206.3264984451135,1339,PLT-IT,196.9304542267703,199.95710771831864,1339,BATCH-000534,Diagnostic Imaging EMEA,True,True,True,True,False,5
CUST-00025,ORD-00021331,CM-GAD-B,179,221.6544341410462,654,PLT-NL,206.0717074651453,209.72349814701647,654,BATCH-000541,Diagnostic Imaging EMEA,True,True,True,True,False,5
CUST-00045,ORD-00021332,CM-GAD-B,178,218.26874123675336,822,PLT-NL,206.50005582446815,210.06717033755677,822,BATCH-000541,Diagnostic Imaging EMEA,True,True,True,True,False,5
CUST-00022,ORD-00021885,CM-IOD-B,162,197.0596895763721,693,PLT-NL,185.36988078772075,189.00145877492835,693,BATCH-000555,Diagnostic Imaging EMEA,True,True,True,True,False,5
CUST-00091,ORD-00021890,CM-IOD-B,166,203.0755796056325,579,PLT-NL,184.04240125440793,187.24761475232708,579,BATCH-000555,Diagnostic Imaging EMEA,True,True,True,True,False,5
CUST-00257,ORD-00021892,CM-IOD-B,166,201.58325074110294,842,PLT-NL,185.30272779698421,197.88129044555953,842,BATCH-000555,Diagnostic Imaging APAC,True,True,True,True,False,5
CUST-00011,ORD-00022280,CM-BAR-A,173,206.54799873777174,965,PLT-SG,194.55606569373867,207.3188223711529,965,BATCH-000565,Diagnostic Imaging EMEA,True,False,True,False,False,5
CUST-00099,ORD-00023175,CM-BAR-A,164,195.78411175629572,920,PLT-NL,182.63783171841723,194.6465145544689,920,BATCH-000589,Diagnostic Imaging APAC,True,True,True,True,False,5
CUST-00007,ORD-00023183,CM-BAR-A,166,195.60901147414023,776,PLT-NL,182.3639726906311,185.2418819059492,776,BATCH-000589,Diagnostic Imaging EMEA,True,True,True,True,False,5
CUST-00078,ORD-00023187,CM-BAR-A,166,198.2854306584533,935,PLT-NL,183.74821449419343,196.36726340547526,935,BATCH-000589,Diagnostic Imaging APAC,True,True,True,True,False,5
CUST-00055,ORD-00023199,CM-BAR-A,166,197.22325842453895,1134,PLT-NL,180.89993100959603,190.2909094675637,1134,BATCH-000589,Diagnostic Imaging Americas,True,True,True,True,False,5
CUST-00126,ORD-00023203,CM-BAR-A,165,197.9161451767302,1010,PLT-NL,182.73560879802355,191.2095933705421,1010,BATCH-000589,Diagnostic Imaging Americas,True,True,True,True,False,5
CUST-00005,ORD-00024218,CM-GAD-B,151,189.12652334066814,1000,PLT-NL,176.3062921164368,178.27778547404913,658,BATCH-000614,Diagnostic Imaging EMEA,True,True,False,False,False,5
CUST-00177,ORD-00024229,CM-GAD-B,150,188.94459282824127,1022,PLT-NL,175.25532592086262,188.3104567130872,1022,BATCH-000614,Diagnostic Imaging APAC,True,True,True,True,False,5
CUST-00045,ORD-00026477,CM-BAR-A,155,188.2691465219468,427,PLT-IT,176.06675669680916,179.9850283950078,427,BATCH-000666,Diagnostic Imaging EMEA,True,True,True,True,False,5
CUST-00184,ORD-00026504,CM-BAR-A,157,189.2805372190001,1103,PLT-IT,175.68192099264544,185.10870954870214,1103,BATCH-000666,Diagnostic Imaging Americas,True,True,True,True,False,5
CUST-00230,ORD-00028666,CM-GAD-B,167,208.1940180967826,417,PLT-SG,196.0859037275968,211.20425438298022,417,BATCH-000721,Diagnostic Imaging Americas,True,False,True,False,False,5
CUST-00119,ORD-00028667,CM-GAD-B,169,209.50156826672372,570,PLT-SG,194.66366498032738,207.8415557060657,570,BATCH-000721,Diagnostic Imaging EMEA,True,True,True,True,False,5
CUST-00034,ORD-00028677,CM-GAD-B,169,205.50607750387073,381,PLT-SG,192.5255162636507,196.4749441209033,381,BATCH-000721,Diagnostic Imaging APAC,True,True,True,True,False,5
CUST-00182,ORD-00028684,CM-GAD-B,169,208.97054772852957,750,PLT-SG,196.16438515639535,208.66772058522787,750,BATCH-000721,Diagnostic Imaging EMEA,True,True,True,True,False,5
CUST-00084,ORD-00030355,CM-IOD-A,153,187.8527143527486,463,PLT-NL,173.61949864015128,177.21644345458205,463,BATCH-000763,Diagnostic Imaging EMEA,True,True,True,True,False,5
CUST-00096,ORD-00030362,CM-IOD-A,154,188.4937789073066,1064,PLT-NL,174.6836386454389,177.71973268198713,1064,BATCH-000763,Diagnostic Imaging EMEA,True,True,True,True,False,5
CUST-00125,ORD-00031463,CM-GAD-B,157,197.7933150583229,690,PLT-IT,181.6660071160284,183.80629251389692,690,BATCH-000795,Diagnostic Imaging EMEA,True,True,True,True,False,5
CUST-00059,ORD-00031468,CM-GAD-B,154,193.79615347054553,466,PLT-IT,177.41231409540262,185.0472768618939,466,BATCH-000795,Diagnostic Imaging Americas,True,True,True,True,False,5
CUST-00083,ORD-00031483,CM-GAD-B,154,194.52794871996676,448,PLT-IT,180.79806222627357,184.5671283044296,448,BATCH-000795,Diagnostic Imaging EMEA,True,True,True,True,False,5
CUST-00137,ORD-00031494,CM-GAD-B,157,196.17989748627005,444,PLT-IT,181.16710575985,185.8032855979368,444,BATCH-000795,Diagnostic Imaging EMEA,True,True,True,True,False,5
CUST-00170,ORD-00033254,CM-GAD-A,170,209.10370269323235,519,PLT-NL,193.73796134396855,196.6631194951266,519,BATCH-000838,Diagnostic Imaging EMEA,True,True,True,True,False,5
CUST-00057,ORD-00033259,CM-GAD-A,169,210.012863880964,448,PLT-NL,193.40176805061387,205.846471760524,448,BATCH-000838,Diagnostic Imaging APAC,True,True,True,True,False,5
CUST-00028,ORD-00033268,CM-GAD-A,165,205.03941167462114,991,PLT-NL,191.8881809303715,200.7850273412759,991,BATCH-000838,Diagnostic Imaging Americas,True,True,True,True,False,5
CUST-00113,ORD-00033310,CM-IOD-B,150,185.26842820982918,651,PLT-IT,172.786317767126,176.34235581669338,651,BATCH-000840,Diagnostic Imaging EMEA,True,True,True,True,False,5
CUST-00095,ORD-00033316,CM-IOD-B,151,184.93547808556684,688,PLT-IT,172.71903405716824,181.3224940523292,688,BATCH-000840,Diagnostic Imaging Americas,True,True,True,True,False,5
CUST-00146,ORD-00033325,CM-IOD-B,150,186.5939456779,1030,PLT-IT,171.0108049981914,182.998778743203,1030,BATCH-000840,Diagnostic Imaging APAC,True,True,True,True,False,5
CUST-00169,ORD-00033328,CM-IOD-B,153,187.1036511174234,662,PLT-IT,171.4766578049481,183.4719531743418,662,BATCH-000840,Diagnostic Imaging APAC,True,True,True,True,False,5
CUST-00002,ORD-00033343,CM-BAR-A,172,202.49335363938158,1013,PLT-NL,190.86778946158276,203.7735289919023,1013,BATCH-000841,Diagnostic Imaging APAC,True,False,True,False,False,5
CUST-00113,ORD-00033366,CM-BAR-A,175,205.56659508627564,657,PLT-NL,190.11716291351695,193.60915290665594,472,BATCH-000841,Diagnostic Imaging EMEA,True,True,False,False,False,5
CUST-00201,ORD-00033482,CM-IOD-B,176,212.30794050068286,872,PLT-NL,199.15491151756586,209.96473804304242,872,BATCH-000845,Diagnostic Imaging APAC,True,True,True,True,False,5
CUST-00200,ORD-00033504,CM-IOD-B,179,213.3686766385548,906,PLT-NL,200.22991445767576,203.2115856531027,906,BATCH-000845,Diagnostic Imaging EMEA,True,True,True,True,False,5
CUST-00206,ORD-00033510,CM-IOD-B,176,212.8049626422725,722,PLT-NL,199.38711950766336,211.42919595229657,722,BATCH-000845,Diagnostic Imaging APAC,True,True,True,True,False,5
CUST-00197,ORD-00033881,CM-IOD-B,157,192.43816185628214,1270,PLT-NL,176.77899732722133,189.1753695522326,1270,BATCH-000855,Diagnostic Imaging APAC,True,True,True,True,False,5
CUST-00154,ORD-00033884,CM-IOD-B,155,189.92227121076263,972,PLT-NL,175.12943387312302,177.53883674531312,972,BATCH-000855,Diagnostic Imaging EMEA,True,True,True,True,False,5
CUST-00120,ORD-00033902,CM-IOD-B,152,185.8483910358246,794,PLT-NL,177.92410798909756,190.53973274668422,794,BATCH-000855,Diagnostic Imaging APAC,True,False,True,False,False,5
CUST-00048,ORD-00033903,CM-IOD-B,156,189.180518790754,1678,PLT-NL,175.75414802774503,180.94410680581012,881,BATCH-000855,Diagnostic Imaging EMEA,True,True,False,False,False,5
CUST-00191,ORD-00033906,CM-IOD-B,156,190.43189918769488,511,PLT-NL,178.87812840688986,187.89571982436792,511,BATCH-000855,Diagnostic Imaging Americas,True,True,True,True,False,5
CUST-00193,ORD-00033915,CM-IOD-B,152,187.4809153456857,1075,PLT-NL,179.0579129520666,190.53602758389286,1075,BATCH-000855,Diagnostic Imaging APAC,True,False,True,False,False,5
CUST-00122,ORD-00035069,CM-IOD-A,153,186.25998721072222,1469,PLT-IT,174.39346085223866,177.70526003928134,1469,BATCH-000885,Diagnostic Imaging EMEA,True,True,True,True,False,5
CUST-00110,ORD-00035743,CM-GAD-A,160,198.9856473593072,1444,PLT-IT,186.0466712210101,197.32311029319044,1444,BATCH-000902,Diagnostic Imaging APAC,True,True,True,True,False,5
CUST-00142,ORD-00035761,CM-GAD-A,159,199.55680474143662,787,PLT-IT,187.66874540575859,190.9811746369658,787,BATCH-000902,Diagnostic Imaging EMEA,True,True,True,True,False,5
CUST-00071,ORD-00035768,CM-GAD-A,160,199.46009859103026,1111,PLT-IT,187.66676321637456,197.77343439315285,1111,BATCH-000902,Diagnostic Imaging Americas,True,True,True,True,False,5
CUST-00049,ORD-00035966,CM-GAD-A,166,205.2375585574472,689,PLT-NL,194.83496604149497,203.68946684706614,689,BATCH-000908,Diagnostic Imaging Americas,True,True,True,True,False,5
CUST-00175,ORD-00035967,CM-GAD-A,166,206.5487551351587,626,PLT-NL,193.5101457189265,204.3923556295537,626,BATCH-000908,Diagnostic Imaging APAC,True,True,True,True,False,5
CUST-00045,ORD-00035970,CM-GAD-A,169,207.3287175632779,467,PLT-NL,195.01547206451042,198.3252181987195,467,BATCH-000908,Diagnostic Imaging EMEA,True,True,True,True,False,5
CUST-00176,ORD-00035988,CM-GAD-A,167,205.36112620419692,375,PLT-NL,197.0707377565136,206.38476182348194,375,BATCH-000908,Diagnostic Imaging Americas,True,False,True,False,False,5
CUST-00193,ORD-00035993,CM-GAD-A,169,209.63976439388944,1399,PLT-NL,196.10129292775684,208.29407457982464,1399,BATCH-000908,Diagnostic Imaging APAC,True,True,True,True,False,5
CUST-00109,ORD-00036747,CM-BAR-B,163,196.68817167547604,535,PLT-NL,178.2218348703987,180.87659535284146,535,BATCH-000926,Diagnostic Imaging EMEA,True,True,True,True,False,5
CUST-00101,ORD-00036758,CM-BAR-B,163,193.08618284049544,564,PLT-NL,179.70602158182018,181.54371250852765,564,BATCH-000926,Diagnostic Imaging EMEA,True,True,True,True,False,5
CUST-00072,ORD-00038922,CM-IOD-A,172,206.70810244728915,801,PLT-NL,191.38982560948602,202.3385749010953,801,BATCH-000981,Diagnostic Imaging APAC,True,True,True,True,False,5
CUST-00202,ORD-00038930,CM-IOD-A,172,207.25405691944894,1590,PLT-NL,191.17468232455082,201.22565841525562,1590,BATCH-000981,Diagnostic Imaging Americas,True,True,True,True,False,5
CUST-00041,ORD-00038941,CM-IOD-A,169,202.29690868156356,727,PLT-NL,190.39005936130172,201.70879998696105,727,BATCH-000981,Diagnostic Imaging APAC,True,True,True,True,False,5
CUST-00082,ORD-00039836,CM-BAR-B,167,200.52468403777556,644,PLT-IT,181.68617250866603,185.24838469737088,644,BATCH-001004,Diagnostic Imaging EMEA,True,True,True,True,False,5
CUST-00238,ORD-00039847,CM-BAR-B,162,194.30949192167273,431,PLT-IT,185.1768677835102,187.62322803832788,431,BATCH-001004,Diagnostic Imaging EMEA,True,True,True,True,False,5
CUST-00226,ORD-00039849,CM-BAR-B,165,199.30370681761232,886,PLT-IT,182.48133973980495,185.85436864745682,886,BATCH-001004,Diagnostic Imaging EMEA,True,True,True,True,False,5
CUST-00048,ORD-00039857,CM-BAR-B,163,194.65634595025946,726,PLT-IT,183.97046490078432,187.19283308905568,726,BATCH-001004,Diagnostic Imaging EMEA,True,True,True,True,False,5
CUST-00102,ORD-00039864,CM-BAR-B,167,198.98146861949743,274,PLT-IT,184.51606250340674,187.90382825457908,274,BATCH-001004,Diagnostic Imaging EMEA,True,True,True,True,False,5
CUST-00232,ORD-00040025,CM-IOD-A,156,190.3910545529097,1209,PLT-NL,179.54126180698444,181.93995611092026,1209,BATCH-001008,Diagnostic Imaging EMEA,True,True,True,True,False,5
CUST-00065,ORD-00040027,CM-IOD-A,155,187.50772919086089,931,PLT-NL,176.10015158893893,186.05375264839347,931,BATCH-001008,Diagnostic Imaging Americas,True,True,True,True,False,5
CUST-00040,ORD-00041352,CM-BAR-B,154,186.65120727243945,393,PLT-IT,171.890452207867,183.6992801913354,393,BATCH-001044,Diagnostic Imaging APAC,True,True,True,True,False,5
CUST-00087,ORD-00041362,CM-BAR-B,152,186.24182245740906,846,PLT-IT,172.46468328460244,175.47233585753648,846,BATCH-001044,Diagnostic Imaging EMEA,True,True,True,True,False,5
CUST-00200,ORD-00041371,CM-BAR-B,152,182.70588475823197,969,PLT-IT,172.11087510039906,174.79104001073438,969,BATCH-001044,Diagnostic Imaging EMEA,True,True,True,True,False,5
CUST-00058,ORD-00042690,CM-GAD-A,156,195.75315346327585,250,PLT-IT,185.98627883631195,188.59136371706217,250,BATCH-001077,Diagnostic Imaging EMEA,True,True,True,True,False,5
CUST-00002,ORD-00042693,CM-GAD-A,154,194.56517018743318,1269,PLT-IT,185.6972084909642,196.64823645274643,1269,BATCH-001077,Diagnostic Imaging APAC,True,False,True,False,False,5
CUST-00207,ORD-00042704,CM-GAD-A,156,197.06269558694788,591,PLT-IT,186.57612800590869,199.52923140931247,591,BATCH-001077,Diagnostic Imaging APAC,True,False,True,False,False,5
CUST-00173,ORD-00042711,CM-GAD-A,156,192.8446016354477,619,PLT-IT,183.57560302189736,186.5255715381365,619,BATCH-001077,Diagnostic Imaging EMEA,True,True,True,True,False,5
CUST-00229,ORD-00042714,CM-GAD-A,155,194.98922974675042,464,PLT-IT,184.64778454885266,187.71540613897497,464,BATCH-001077,Diagnostic Imaging EMEA,True,True,True,True,False,5
CUST-00147,ORD-00042715,CM-GAD-A,158,198.51461101325054,353,PLT-IT,184.15865166331605,187.35331639575972,204,BATCH-001077,Diagnostic Imaging EMEA,True,True,False,False,False,5
CUST-00000,ORD-00042833,CM-GAD-B,163,202.69328154630554,698,PLT-IT,196.4870690122509,204.95137278562444,698,BATCH-001081,Diagnostic Imaging Americas,True,False,True,False,False,5
CUST-00182,ORD-00042839,CM-GAD-B,166,205.93650374815562,932,PLT-IT,194.79754582097735,197.85543910586827,932,BATCH-001081,Diagnostic Imaging EMEA,True,True,True,True,False,5
CUST-00056,ORD-00042849,CM-GAD-B,161,201.96763991936112,463,PLT-IT,195.79001998766677,207.71498219681735,463,BATCH-001081,Diagnostic Imaging APAC,True,False,True,False,False,5
CUST-00204,ORD-00042886,CM-IOD-B,162,199.1125063732626,908,PLT-IT,186.42787821025692,189.0763708476974,908,BATCH-001082,Diagnostic Imaging EMEA,True,True,True,True,False,5
CUST-00015,ORD-00042892,CM-IOD-B,166,202.93618278511792,2230,PLT-IT,184.9037489289318,188.11859169252418,2230,BATCH-001082,Diagnostic Imaging EMEA,True,True,True,True,False,5
CUST-00160,ORD-00042909,CM-IOD-B,166,200.95449619890113,794,PLT-IT,185.96476257224705,194.14321229210515,794,BATCH-001082,Diagnostic Imaging Americas,True,True,True,True,False,5
CUST-00106,ORD-00042918,CM-IOD-B,165,198.46884394413942,683,PLT-IT,185.39701748571508,194.3362988213964,683,BATCH-001082,Diagnostic Imaging Americas,True,True,True,True,False,5
CUST-00254,ORD-00042924,CM-IOD-B,172,207.78211956654255,557,PLT-IT,197.06128518521675,209.75394780050823,557,BATCH-001083,Diagnostic Imaging APAC,True,False,True,False,False,5
CUST-00148,ORD-00042935,CM-IOD-B,170,204.22998054967238,2016,PLT-IT,193.92647026715966,197.15189356317376,2016,BATCH-001083,Diagnostic Imaging EMEA,True,True,True,True,False,5
CUST-00035,ORD-00042963,CM-IOD-B,173,205.2844397263352,784,PLT-IT,197.73952030769246,209.5518200837387,784,BATCH-001083,Diagnostic Imaging APAC,True,False,True,False,False,5
CUST-00069,ORD-00042964,CM-IOD-B,170,205.11602381061837,856,PLT-IT,195.76681864215755,208.56600510952288,856,BATCH-001083,Diagnostic Imaging APAC,True,False,True,False,False,5
CUST-00008,ORD-00043668,CM-GAD-B,157,194.70265915554194,819,PLT-SG,189.63512925766477,202.98003498495936,819,BATCH-001102,Diagnostic Imaging EMEA,True,False,True,False,False,5
CUST-00197,ORD-00043685,CM-GAD-B,159,198.52594504511555,816,PLT-SG,187.68594283513895,192.11612896993066,816,BATCH-001102,Diagnostic Imaging APAC,True,True,True,True,False,5
CUST-00256,ORD-00043697,CM-GAD-B,156,195.23590142446147,406,PLT-SG,188.59231211553276,192.50999456689632,406,BATCH-001102,Diagnostic Imaging APAC,True,True,True,True,False,5
CUST-00045,ORD-00044077,CM-BAR-B,174,206.03719328299638,1570,PLT-IT,191.95675013751426,196.7310022198598,1570,BATCH-001112,Diagnostic Imaging EMEA,True,True,True,True,False,5
CUST-00052,ORD-00044084,CM-BAR-B,176,208.20431530311564,655,PLT-IT,190.1414205658546,192.3945325236148,655,BATCH-001112,Diagnostic Imaging EMEA,True,True,True,True,False,5
CUST-00231,ORD-00044100,CM-BAR-B,177,207.76128328294595,1117,PLT-IT,191.45804800774405,204.48101669119848,1117,BATCH-001112,Diagnostic Imaging APAC,True,True,True,True,False,5
CUST-00119,ORD-00045215,CM-BAR-B,159,188.748067832741,1411,PLT-IT,179.5115786330018,182.73870472067398,1411,BATCH-001140,Diagnostic Imaging EMEA,True,True,True,True,False,5
CUST-00074,ORD-00045224,CM-BAR-B,161,194.12355999128692,366,PLT-IT,178.5161601481612,181.63505973661685,366,BATCH-001140,Diagnostic Imaging EMEA,True,True,True,True,False,5
CUST-00156,ORD-00045236,CM-BAR-B,161,193.41928575119132,638,PLT-IT,175.890488342897,185.97712008747447,638,BATCH-001140,Diagnostic Imaging Americas,True,True,True,True,False,5
CUST-00199,ORD-00045238,CM-BAR-B,159,192.69806191801604,1678,PLT-IT,175.2233837562831,177.92483734865937,1678,BATCH-001140,Diagnostic Imaging EMEA,True,True,True,True,False,5
CUST-00072,ORD-00045240,CM-BAR-B,159,190.7910269719307,1006,PLT-IT,176.61941578399248,189.71171473544914,1006,BATCH-001140,Diagnostic Imaging APAC,True,True,True,True,False,5
CUST-00258,ORD-00046051,CM-BAR-A,177,208.23511277422352,744,PLT-NL,192.75006023900093,202.3646756275848,744,BATCH-001162,Diagnostic Imaging Americas,True,True,True,True,False,5
CUST-00240,ORD-00046052,CM-BAR-A,177,207.72363882369086,896,PLT-NL,191.53647947946268,204.22082592196324,896,BATCH-001162,Diagnostic Imaging APAC,True,True,True,True,False,5
CUST-00219,ORD-00046055,CM-BAR-A,174,206.89569459190423,1355,PLT-NL,193.89327019559067,197.390262996793,1355,BATCH-001162,Diagnostic Imaging EMEA,True,True,True,True,False,5
CUST-00164,ORD-00047118,CM-IOD-B,168,204.2087621318971,837,PLT-IT,191.28835543130597,200.41282097768797,837,BATCH-001191,Diagnostic Imaging Americas,True,True,True,True,False,5
CUST-00157,ORD-00047125,CM-IOD-B,164,198.85746036144636,875,PLT-IT,190.7324332295735,193.54911962726447,875,BATCH-001191,Diagnostic Imaging EMEA,True,True,True,True,False,5
CUST-00210,ORD-00047128,CM-IOD-B,164,198.72922062160643,804,PLT-IT,192.15768435597323,202.7957486118731,804,BATCH-001191,Diagnostic Imaging APAC,True,False,True,False,False,5
CUST-00097,ORD-00047129,CM-IOD-B,167,202.79018918916475,851,PLT-IT,190.35221643387007,199.34469319127015,424,BATCH-001191,Diagnostic Imaging Americas,True,True,False,False,False,5
CUST-00127,ORD-00050149,CM-GAD-A,164,202.38120300303487,384,PLT-IT,194.6972117465879,198.79093620997628,384,BATCH-001269,Diagnostic Imaging EMEA,True,True,True,True,False,5
CUST-00045,ORD-00050158,CM-GAD-A,163,202.88624688353534,620,PLT-IT,194.72030412906233,197.84465502904118,620,BATCH-001269,Diagnostic Imaging EMEA,True,True,True,True,False,5
CUST-00243,ORD-00052115,CM-GAD-A,168,209.0587904110291,392,PLT-IT,192.87407737361045,194.88921466550428,392,BATCH-001319,Diagnostic Imaging EMEA,True,True,True,True,False,5
CUST-00253,ORD-00052116,CM-GAD-A,169,208.98116221721406,774,PLT-IT,191.9915356222935,204.96977063029354,774,BATCH-001319,Diagnostic Imaging APAC,True,True,True,True,False,5
CUST-00127,ORD-00052117,CM-GAD-A,166,206.93845079119274,576,PLT-IT,192.06416144393287,194.7272880693663,576,BATCH-001319,Diagnostic Imaging EMEA,True,True,True,True,False,5
CUST-00246,ORD-00052121,CM-GAD-A,168,210.6139913073688,422,PLT-IT,192.4038189676242,200.95024380909766,422,BATCH-001319,Diagnostic Imaging Americas,True,True,True,True,False,5
CUST-00189,ORD-00054291,CM-GAD-A,179,220.21173524231898,819,PLT-IT,208.37059605653366,210.44501224950739,819,BATCH-001371,Diagnostic Imaging EMEA,True,True,True,True,False,5
CUST-00242,ORD-00054873,CM-GAD-B,162,203.22208206586305,1192,PLT-IT,186.64706128848388,190.17456628498616,1192,BATCH-001387,Diagnostic Imaging EMEA,True,True,True,True,False,5
CUST-00118,ORD-00054875,CM-GAD-B,158,196.59059009545373,489,PLT-IT,186.05917137444777,188.57733267335348,489,BATCH-001387,Diagnostic Imaging EMEA,True,True,True,True,False,5
CUST-00253,ORD-00054878,CM-GAD-B,161,199.4519964671478,285,PLT-IT,186.80868889906498,198.83240409542938,285,BATCH-001387,Diagnostic Imaging APAC,True,True,True,True,False,5
CUST-00127,ORD-00054883,CM-GAD-B,163,203.66298460302784,357,PLT-IT,186.47943686119999,188.71333958725342,357,BATCH-001387,Diagnostic Imaging EMEA,True,True,True,True,False,5
CUST-00080,ORD-00054886,CM-GAD-B,158,196.23285662699195,803,PLT-IT,185.0365849436993,196.0199039389039,803,BATCH-001387,Diagnostic Imaging APAC,True,True,True,True,False,5
CUST-00013,ORD-00054896,CM-GAD-B,163,204.03598200288465,416,PLT-IT,185.87318742919098,196.2174031934993,416,BATCH-001387,Diagnostic Imaging APAC,True,True,True,True,False,5
CUST-00132,ORD-00054898,CM-GAD-B,162,202.83322229779253,618,PLT-IT,188.40865238657508,191.0244506361386,618,BATCH-001387,Diagnostic Imaging EMEA,True,True,True,True,False,5
CUST-00060,ORD-00054899,CM-GAD-B,163,202.6335922797927,473,PLT-IT,187.921266933825,189.83581425698668,473,BATCH-001387,Diagnostic Imaging EMEA,True,True,True,True,False,5
CUST-00226,ORD-00056808,CM-IOD-B,152,187.20396049915337,590,PLT-SG,170.8007532781039,183.45404967305998,590,BATCH-001435,Diagnostic Imaging EMEA,True,True,True,True,False,5
CUST-00015,ORD-00056857,CM-BAR-A,176,208.2813095338005,685,PLT-NL,196.91726335707926,200.04801153960958,685,BATCH-001437,Diagnostic Imaging EMEA,True,True,True,True,False,5
CUST-00087,ORD-00057450,CM-IOD-A,154,189.51948667355077,3061,PLT-NL,176.51468504294087,178.62260674345399,3061,BATCH-001451,Diagnostic Imaging EMEA,True,True,True,True,False,5
CUST-00111,ORD-00057453,CM-IOD-A,154,189.16592495617232,1894,PLT-NL,176.54504291013887,179.91581940596913,1894,BATCH-001451,Diagnostic Imaging EMEA,True,True,True,True,False,5
CUST-00200,ORD-00057463,CM-IOD-A,155,189.66654877776256,1095,PLT-NL,174.83034483680294,177.47262384264593,1095,BATCH-001451,Diagnostic Imaging EMEA,True,True,True,True,False,5
CUST-00089,ORD-00059498,CM-GAD-B,157,197.6034127806857,421,PLT-NL,184.7238828419612,197.18091771983055,421,BATCH-001499,Diagnostic Imaging APAC,True,True,True,True,False,5
CUST-00009,ORD-00059500,CM-GAD-B,161,202.73184614463378,561,PLT-NL,186.6370382829447,189.72412066027496,561,BATCH-001499,Diagnostic Imaging EMEA,True,True,True,True,False,5
CUST-00158,ORD-00059504,CM-GAD-B,159,199.7702834686254,488,PLT-NL,186.4528711458771,189.26249647862213,488,BATCH-001499,Diagnostic Imaging EMEA,True,True,True,True,False,5
CUST-00182,ORD-00059657,CM-GAD-A,175,216.6920021023213,612,PLT-IT,204.3177981929901,207.6432826250966,612,BATCH-001503,Diagnostic Imaging EMEA,True,True,True,True,False,5
CUST-00253,ORD-00059668,CM-GAD-A,173,212.587302392104,842,PLT-IT,201.6064669758779,212.39177365955624,842,BATCH-001503,Diagnostic Imaging APAC,True,True,True,True,False,5
CUST-00038,ORD-00059676,CM-GAD-A,176,216.15783805483724,294,PLT-IT,202.97119094146709,207.31267305821564,294,BATCH-001503,Diagnostic Imaging EMEA,True,True,True,True,False,5
CUST-00139,ORD-00059679,CM-GAD-A,175,213.58789380073694,598,PLT-IT,204.36741481158145,207.40591267157183,598,BATCH-001503,Diagnostic Imaging EMEA,True,True,True,True,False,5
CUST-00064,ORD-00061011,CM-IOD-B,179,213.92490089050662,658,PLT-IT,204.56472988945308,207.85933555059822,658,BATCH-001534,Diagnostic Imaging EMEA,True,True,True,True,False,5
CUST-00008,ORD-00061227,CM-BAR-B,179,211.65084665064606,445,PLT-NL,196.9213949598815,201.27795709601247,445,BATCH-001540,Diagnostic Imaging EMEA,True,True,True,True,False,5
CUST-00032,ORD-00061249,CM-BAR-B,177,209.76088070951874,774,PLT-NL,196.62069264950492,206.10905395735375,774,BATCH-001540,Diagnostic Imaging Americas,True,True,True,True,False,5
CUST-00024,ORD-00061742,CM-BAR-A,176,206.50771978469666,642,PLT-SG,194.97729572043417,198.96441231156928,642,BATCH-001552,Diagnostic Imaging APAC,True,True,True,True,False,5
CUST-00041,ORD-00061748,CM-BAR-A,179,210.4365423363718,681,PLT-SG,194.5059959245233,197.66073917328066,681,BATCH-001552,Diagnostic Imaging APAC,True,True,True,True,False,5
CUST-00143,ORD-00061754,CM-BAR-A,175,206.587975532887,628,PLT-SG,197.94036348777192,212.62548113791408,628,BATCH-001552,Diagnostic Imaging Americas,True,False,True,False,False,5
CUST-00199,ORD-00063503,CM-GAD-B,170,208.73370037707073,768,PLT-SG,196.01884789863735,208.92924758674656,768,BATCH-001596,Diagnostic Imaging EMEA,True,False,True,False,False,5
CUST-00113,ORD-00063514,CM-GAD-B,170,209.15889144228848,851,PLT-SG,197.50379478040588,211.2784621612103,851,BATCH-001596,Diagnostic Imaging EMEA,True,False,True,False,False,5
CUST-00186,ORD-00063519,CM-GAD-B,166,205.0958205487783,549,PLT-SG,196.3650053231686,210.6449130576342,549,BATCH-001596,Diagnostic Imaging Americas,True,False,True,False,False,5
CUST-00091,ORD-00063869,CM-IOD-A,159,194.82837296801065,693,PLT-SG,182.15583682680276,196.04313930011824,693,BATCH-001606,Diagnostic Imaging EMEA,True,False,True,False,False,5
CUST-00008,ORD-00063870,CM-IOD-A,160,195.58696167137515,897,PLT-SG,182.70747157517496,195.78181600955278,897,BATCH-001606,Diagnostic Imaging EMEA,True,False,True,False,False,5
CUST-00252,ORD-00063884,CM-IOD-A,159,193.75281783171064,1415,PLT-SG,180.76882901304958,196.97144846116652,1415,BATCH-001606,Diagnostic Imaging Americas,True,False,True,False,False,5
CUST-00102,ORD-00063886,CM-IOD-A,161,195.55273071584378,520,PLT-SG,183.81278343083264,195.93364157346144,520,BATCH-001606,Diagnostic Imaging EMEA,True,False,True,False,False,5
CUST-00057,ORD-00063890,CM-IOD-A,157,190.85987270238306,858,PLT-SG,181.88270380975473,186.32073055063304,858,BATCH-001606,Diagnostic Imaging APAC,True,True,True,True,False,5
CUST-00252,ORD-00064337,CM-IOD-A,158,192.0545527863406,600,PLT-NL,180.89815118933194,190.1830729096574,600,BATCH-001618,Diagnostic Imaging Americas,True,True,True,True,False,5
CUST-00102,ORD-00064346,CM-IOD-A,160,196.49674514698606,962,PLT-NL,181.01048749890907,185.51128130636744,962,BATCH-001618,Diagnostic Imaging EMEA,True,True,True,True,False,5
CUST-00249,ORD-00064361,CM-IOD-A,162,198.93873398657834,1352,PLT-NL,179.68489993406553,183.5231101427784,1352,BATCH-001618,Diagnostic Imaging EMEA,True,True,True,True,False,5
CUST-00207,ORD-00064510,CM-GAD-B,154,193.04084226773534,452,PLT-IT,179.725698918155,190.1285317357224,452,BATCH-001622,Diagnostic Imaging APAC,True,True,True,True,False,5
CUST-00032,ORD-00064517,CM-GAD-B,152,193.23092763368666,458,PLT-IT,181.8603909774126,189.9895457695831,458,BATCH-001622,Diagnostic Imaging Americas,True,True,True,True,False,5
CUST-00253,ORD-00064522,CM-GAD-B,155,194.06299688257866,832,PLT-IT,179.43567613087478,192.66995288454,832,BATCH-001622,Diagnostic Imaging APAC,True,True,True,True,False,5
CUST-00119,ORD-00064536,CM-GAD-B,151,192.09732559680137,1024,PLT-IT,181.22581589114182,183.5521616451796,1024,BATCH-001622,Diagnostic Imaging EMEA,True,True,True,True,False,5
CUST-00184,ORD-00064549,CM-GAD-B,154,194.3768034569986,670,PLT-IT,183.8091381945874,193.87060113470284,670,BATCH-001622,Diagnostic Imaging Americas,True,True,True,True,False,5
CUST-00240,ORD-00064550,CM-GAD-B,153,192.89929263681066,667,PLT-IT,180.04233950708635,191.49153954518047,667,BATCH-001622,Diagnostic Imaging APAC,True,True,True,True,False,5
CUST-00234,ORD-00065902,CM-IOD-A,151,187.24411508450487,1601,PLT-IT,175.368824347738,187.5523141096549,1601,BATCH-001656,Diagnostic Imaging APAC,True,False,True,False,False,5
CUST-00046,ORD-00065913,CM-IOD-A,152,187.57761230000514,904,PLT-IT,173.42202912099856,185.17204237497478,904,BATCH-001656,Diagnostic Imaging APAC,True,True,True,True,False,5
CUST-00104,ORD-00065922,CM-IOD-A,150,185.69466047356536,775,PLT-IT,173.69842699646932,185.61438183510973,775,BATCH-001656,Diagnostic Imaging APAC,True,True,True,True,False,5
CUST-00223,ORD-00065924,CM-IOD-A,154,189.7895807174382,1404,PLT-IT,174.38278546113327,186.95677327524083,1404,BATCH-001656,Diagnostic Imaging APAC,True,True,True,True,False,5
CUST-00052,ORD-00067309,CM-GAD-A,151,190.18785337905388,1051,PLT-NL,177.28611380630858,180.08175343727547,1051,BATCH-001692,Diagnostic Imaging EMEA,True,True,True,True,False,5
CUST-00051,ORD-00067322,CM-GAD-A,153,193.11746196169918,845,PLT-NL,180.9993659748604,189.80792323063653,845,BATCH-001692,Diagnostic Imaging Americas,True,True,True,True,False,5
CUST-00190,ORD-00067335,CM-GAD-A,152,191.9455897439625,1138,PLT-NL,181.70702527201462,191.94705956400094,1138,BATCH-001692,Diagnostic Imaging Americas,True,False,True,False,False,5
CUST-00017,ORD-00068444,CM-GAD-B,151,189.4325398057896,999,PLT-NL,176.22117423260926,188.37618991574612,999,BATCH-001722,Diagnostic Imaging APAC,True,True,True,True,False,5
CUST-00258,ORD-00068454,CM-GAD-B,152,189.0171749586785,473,PLT-NL,175.0890977587483,183.69376993253263,473,BATCH-001722,Diagnostic Imaging Americas,True,True,True,True,False,5
CUST-00005,ORD-00069819,CM-BAR-B,171,203.09302272350513,686,PLT-NL,188.40985399734635,189.74715068950292,686,BATCH-001757,Diagnostic Imaging EMEA,True,True,True,True,False,5
CUST-00107,ORD-00069829,CM-BAR-B,169,201.29963320059542,824,PLT-NL,187.58768565909412,199.3327497173598,824,BATCH-001757,Diagnostic Imaging APAC,True,True,True,True,False,5
CUST-00206,ORD-00070974,CM-IOD-B,167,202.75530152373014,419,PLT-SG,192.0744709772345,195.5023886836473,419,BATCH-001784,Diagnostic Imaging APAC,True,True,True,True,False,5
CUST-00242,ORD-00070988,CM-IOD-B,168,203.46118060764874,659,PLT-SG,193.2153782757576,206.56889471238765,659,BATCH-001784,Diagnostic Imaging EMEA,True,False,True,False,False,5
CUST-00203,ORD-00070989,CM-IOD-B,172,206.1136269135197,1128,PLT-SG,190.49614226714363,194.53040010974595,1128,BATCH-001784,Diagnostic Imaging APAC,True,True,True,True,False,5
CUST-00022,ORD-00071002,CM-IOD-B,171,203.24932838660516,2078,PLT-SG,191.16395673050093,203.3532697073646,2078,BATCH-001784,Diagnostic Imaging EMEA,True,False,True,False,False,5
CUST-00025,ORD-00071722,CM-GAD-A,152,191.1829706490029,701,PLT-NL,179.6315780829762,182.46768760945176,701,BATCH-001802,Diagnostic Imaging EMEA,True,True,True,True,False,5
CUST-00041,ORD-00071723,CM-GAD-A,150,189.7021493124393,750,PLT-NL,178.15715079312,190.74954089186133,750,BATCH-001802,Diagnostic Imaging APAC,True,False,True,False,False,5
CUST-00153,ORD-00071728,CM-GAD-A,154,193.8297382131684,463,PLT-NL,180.42398062372067,183.8985803099592,463,BATCH-001802,Diagnostic Imaging EMEA,True,True,True,True,False,5
CUST-00073,ORD-00071733,CM-GAD-A,150,188.12869835952424,777,PLT-NL,180.66248929035248,184.77546906234517,515,BATCH-001802,Diagnostic Imaging EMEA,True,True,False,False,False,5
CUST-00099,ORD-00071735,CM-GAD-A,151,188.9840860154483,1103,PLT-NL,180.03901702582627,192.2972891595341,1103,BATCH-001802,Diagnostic Imaging APAC,True,False,True,False,False,5
CUST-00021,ORD-00071742,CM-GAD-A,151,190.46845767283736,694,PLT-NL,179.906771978045,184.0363196242776,499,BATCH-001802,Diagnostic Imaging EMEA,True,True,False,False,False,5
CUST-00148,ORD-00073119,CM-BAR-B,151,181.11279060512064,537,PLT-SG,172.74857572707947,185.00635149978285,537,BATCH-001837,Diagnostic Imaging EMEA,True,False,True,False,False,5
CUST-00013,ORD-00073135,CM-BAR-B,156,188.32424205008783,563,PLT-SG,172.73978575443914,176.63663961724367,563,BATCH-001837,Diagnostic Imaging APAC,True,True,True,True,False,5
CUST-00135,ORD-00074259,CM-BAR-B,160,191.962235323323,593,PLT-IT,176.1987644365728,179.15166656289148,593,BATCH-001865,Diagnostic Imaging EMEA,True,True,True,True,False,5
CUST-00259,ORD-00074261,CM-BAR-B,159,191.9052670962061,603,PLT-IT,177.18861077591203,178.2447108402334,533,BATCH-001865,Diagnostic Imaging EMEA,True,True,False,False,False,5
CUST-00243,ORD-00074263,CM-BAR-B,158,189.9548973492281,480,PLT-IT,177.76382196216042,180.7344323141947,480,BATCH-001865,Diagnostic Imaging EMEA,True,True,True,True,False,5
CUST-00048,ORD-00074269,CM-BAR-B,158,189.38291695122717,1118,PLT-IT,178.71605898020266,181.35282792828113,1118,BATCH-001865,Diagnostic Imaging EMEA,True,True,True,True,False,5
CUST-00148,ORD-00074283,CM-BAR-B,156,185.67578427835141,335,PLT-IT,178.7438868543047,181.3972948337062,335,BATCH-001865,Diagnostic Imaging EMEA,True,True,True,True,False,5
CUST-00220,ORD-00074409,CM-BAR-A,168,198.7179482795311,702,PLT-IT,192.48975776060087,196.7648268133351,702,BATCH-001869,Diagnostic Imaging EMEA,True,True,True,True,False,5
CUST-00046,ORD-00074414,CM-BAR-A,173,206.28955387413092,467,PLT-IT,192.06323197815354,204.18238037252775,410,BATCH-001869,Diagnostic Imaging APAC,True,True,False,False,False,5
CUST-00077,ORD-00074419,CM-BAR-A,172,205.62281559402822,461,PLT-IT,191.99570008717475,193.93251770841994,461,BATCH-001869,Diagnostic Imaging EMEA,True,True,True,True,False,5
CUST-00112,ORD-00074424,CM-BAR-A,172,203.5103433899199,622,PLT-IT,191.87131126438567,200.42622111312502,622,BATCH-001869,Diagnostic Imaging Americas,True,True,True,True,False,5
CUST-00002,ORD-00074511,CM-IOD-A,160,195.5450779667237,675,PLT-SG,180.59268277150744,183.69898644003635,675,BATCH-001872,Diagnostic Imaging APAC,True,True,True,True,False,5
CUST-00123,ORD-00074537,CM-IOD-A,161,197.73273154488996,710,PLT-SG,180.28823711371896,192.60331942793078,710,BATCH-001872,Diagnostic Imaging EMEA,True,True,True,True,False,5
CUST-00053,ORD-00075540,CM-BAR-A,162,194.46233907004083,903,PLT-SG,180.6650306691867,196.7462199584604,903,BATCH-001898,Diagnostic Imaging Americas,True,False,True,False,False,5
CUST-00007,ORD-00075550,CM-BAR-A,161,190.58760990584406,415,PLT-SG,181.23209920814165,193.9538532077214,415,BATCH-001898,Diagnostic Imaging EMEA,True,False,True,False,False,5
CUST-00070,ORD-00075563,CM-BAR-A,158,187.1635830971106,410,PLT-SG,183.47799599133882,198.65638464380194,410,BATCH-001898,Diagnostic Imaging Americas,True,False,True,False,False,5
CUST-00211,ORD-00075573,CM-BAR-A,163,195.55325444440388,654,PLT-SG,181.17617737775967,184.58436489713122,334,BATCH-001898,Diagnostic Imaging APAC,True,True,False,False,False,5
CUST-00208,ORD-00077877,CM-GAD-A,174,214.9593237214375,587,PLT-SG,196.41535724437892,201.18023173073234,587,BATCH-001957,Diagnostic Imaging APAC,True,True,True,True,False,5
CUST-00037,ORD-00078111,CM-GAD-B,154,193.34017103069846,843,PLT-IT,179.0395449131819,181.90635924676477,843,BATCH-001963,Diagnostic Imaging EMEA,True,True,True,True,False,5
CUST-00137,ORD-00078120,CM-GAD-B,156,196.01118216124726,416,PLT-IT,178.65553145613003,180.88281883429656,416,BATCH-001963,Diagnostic Imaging EMEA,True,True,True,True,False,5
CUST-00116,ORD-00078121,CM-GAD-B,155,194.84593047274774,619,PLT-IT,180.78942580524958,184.66265468138653,619,BATCH-001963,Diagnostic Imaging EMEA,True,True,True,True,False,5
CUST-00256,ORD-00078132,CM-GAD-B,152,189.09400580015378,456,PLT-IT,178.9036005711613,190.16731838318375,456,BATCH-001963,Diagnostic Imaging APAC,True,False,True,False,False,5
CUST-00080,ORD-00079678,CM-BAR-A,159,191.29922109099223,2402,PLT-IT,176.18874588566692,188.45472090149065,2402,BATCH-002003,Diagnostic Imaging APAC,True,True,True,True,False,5
CUST-00068,ORD-00079682,CM-BAR-A,160,190.48228153474622,617,PLT-IT,175.74232753552366,188.31948510847394,617,BATCH-002003,Diagnostic Imaging APAC,True,True,True,True,False,5
CUST-00141,ORD-00079696,CM-BAR-A,161,193.89415580739248,645,PLT-IT,175.49030653451254,184.17438707988978,645,BATCH-002003,Diagnostic Imaging Americas,True,True,True,True,False,5
CUST-00123,ORD-00080276,CM-BAR-A,160,189.85310221488754,646,PLT-IT,179.7403188760737,182.97846686697258,646,BATCH-002016,Diagnostic Imaging EMEA,True,True,True,True,False,5
CUST-00097,ORD-00080278,CM-BAR-A,160,194.39300912434763,395,PLT-IT,,,0,BATCH-002016,Diagnostic Imaging Americas,False,False,False,False,True,5
CUST-00215,ORD-00080282,CM-BAR-A,159,188.895566212502,558,PLT-IT,178.60746121365992,180.5239783315041,403,BATCH-002016,Diagnostic Imaging EMEA,True,True,False,False,False,5
CUST-00180,ORD-00080283,CM-BAR-A,161,193.55644071256074,969,PLT-IT,177.98912430661193,180.48480129434935,969,BATCH-002016,Diagnostic Imaging EMEA,True,True,True,True,False,5
CUST-00017,ORD-00080541,CM-IOD-A,173,208.7509660552401,1410,PLT-NL,195.51355738214815,207.46150696813115,1410,BATCH-002024,Diagnostic Imaging APAC,True,True,True,True,False,5
CUST-00147,ORD-00080559,CM-IOD-A,173,206.93547529350315,926,PLT-NL,195.8304397089188,199.43925813478975,926,BATCH-002024,Diagnostic Imaging EMEA,True,True,True,True,False,5
CUST-00230,ORD-00080564,CM-IOD-A,173,209.35526750524414,866,PLT-NL,194.96739823559895,202.60528127171992,866,BATCH-002024,Diagnostic Imaging Americas,True,True,True,True,False,5
CUST-00126,ORD-00080565,CM-IOD-A,173,209.47969745066777,1013,PLT-NL,194.1719008457393,204.15648917362867,1013,BATCH-002024,Diagnostic Imaging Americas,True,True,True,True,False,5
CUST-00084,ORD-00080566,CM-IOD-A,170,206.32111419026361,1586,PLT-NL,195.94068109383988,201.46860385327156,1586,BATCH-002024,Diagnostic Imaging EMEA,True,True,True,True,False,5
CUST-00000,ORD-00080567,CM-IOD-A,174,209.03812276638877,984,PLT-NL,196.9774240123251,206.05705574127168,984,BATCH-002024,Diagnostic Imaging Americas,True,True,True,True,False,5
CUST-00138,ORD-00080583,CM-IOD-A,171,205.8086358993077,1274,PLT-NL,194.2925612701732,196.185591637962,1274,BATCH-002024,Diagnostic Imaging EMEA,True,True,True,True,False,5
CUST-00022,ORD-00081767,CM-BAR-A,171,202.85217178862098,560,PLT-IT,189.53166792451606,191.74145031096188,560,BATCH-002053,Diagnostic Imaging EMEA,True,True,True,True,False,5
CUST-00188,ORD-00081771,CM-BAR-A,168,198.52533672962477,896,PLT-IT,187.60090133064713,195.46952614223156,896,BATCH-002053,Diagnostic Imaging Americas,True,True,True,True,False,5
CUST-00018,ORD-00081780,CM-BAR-A,169,197.6725642712557,750,PLT-IT,188.50178547385315,200.64515937462167,750,BATCH-002053,Diagnostic Imaging APAC,True,False,True,False,False,5
CUST-00149,ORD-00081787,CM-BAR-A,169,202.68303397064705,667,PLT-IT,186.9085832041193,189.92381950032765,667,BATCH-002053,Diagnostic Imaging EMEA,True,True,True,True,False,5
CUST-00146,ORD-00081793,CM-BAR-A,172,201.62932027770734,671,PLT-IT,186.30850853438258,197.76483014021582,671,BATCH-002053,Diagnostic Imaging APAC,True,True,True,True,False,5
CUST-00199,ORD-00081794,CM-BAR-A,171,200.13400009336124,477,PLT-IT,189.29112492451847,191.61390358971562,477,BATCH-002053,Diagnostic Imaging EMEA,True,True,True,True,False,5
CUST-00060,ORD-00083789,CM-BAR-A,172,205.68505326954835,945,PLT-IT,191.74003792785052,195.50516624394461,945,BATCH-002103,Diagnostic Imaging EMEA,True,True,True,True,False,5
CUST-00115,ORD-00083793,CM-BAR-A,174,209.5142618196045,1238,PLT-IT,191.66439493101578,203.92851522613265,1238,BATCH-002103,Diagnostic Imaging APAC,True,True,True,True,False,5
CUST-00171,ORD-00083799,CM-BAR-A,176,207.54994261780118,449,PLT-IT,193.489416143201,206.07994630444514,449,BATCH-002103,Diagnostic Imaging APAC,True,True,True,True,False,5
CUST-00193,ORD-00083803,CM-BAR-A,173,205.41816388922857,651,PLT-IT,194.9333199844993,206.04919634844936,651,BATCH-002103,Diagnostic Imaging APAC,True,False,True,False,False,5
CUST-00125,ORD-00084086,CM-BAR-A,179,212.60563355572083,692,PLT-NL,199.01490458264524,201.25984770237267,692,BATCH-002110,Diagnostic Imaging EMEA,True,True,True,True,False,5
CUST-00051,ORD-00084087,CM-BAR-A,179,212.62414723538149,1235,PLT-NL,199.22879428495727,209.49924551562137,1235,BATCH-002110,Diagnostic Imaging Americas,True,True,True,True,False,5
CUST-00066,ORD-00084999,CM-GAD-B,154,195.39363982936138,514,PLT-NL,176.75582608752447,188.66818144137153,514,BATCH-002134,Diagnostic Imaging APAC,True,True,True,True,False,5
CUST-00155,ORD-00085009,CM-GAD-B,151,190.99879363556988,550,PLT-NL,177.2923725590404,180.39714288710942,550,BATCH-002134,Diagnostic Imaging EMEA,True,True,True,True,False,5
CUST-00049,ORD-00085025,CM-GAD-B,151,191.6184516938668,624,PLT-NL,177.51010873348167,185.47024809579378,624,BATCH-002134,Diagnostic Imaging Americas,True,True,True,True,False,5
CUST-00134,ORD-00085039,CM-GAD-B,152,191.12001462665856,681,PLT-NL,179.12877762396835,190.72904817296148,681,BATCH-002134,Diagnostic Imaging APAC,True,True,True,True,False,5
CUST-00121,ORD-00085775,CM-GAD-B,162,202.8166795611761,1251,PLT-NL,188.95960542610825,197.28780424228748,889,BATCH-002153,Diagnostic Imaging Americas,True,True,False,False,False,5
CUST-00011,ORD-00087313,CM-GAD-A,153,192.56562501771748,464,PLT-SG,181.01011105102634,194.49298183890807,464,BATCH-002192,Diagnostic Imaging EMEA,True,False,True,False,False,5
CUST-00227,ORD-00087317,CM-GAD-A,155,196.22941622230286,506,PLT-SG,179.55320085672577,192.3045739571793,506,BATCH-002192,Diagnostic Imaging EMEA,True,True,True,True,False,5
CUST-00018,ORD-00087318,CM-GAD-A,152,192.26016187929758,564,PLT-SG,178.97335682705216,182.0748661249416,405,BATCH-002192,Diagnostic Imaging APAC,True,True,False,False,False,5
CUST-00088,ORD-00089688,CM-BAR-A,160,193.10265371538293,970,PLT-NL,178.16753485121092,190.39294853050055,970,BATCH-002252,Diagnostic Imaging APAC,True,True,True,True,False,5
CUST-00098,ORD-00089703,CM-BAR-A,161,193.38200646404212,908,PLT-NL,179.97869435045484,183.38893608181144,908,BATCH-002252,Diagnostic Imaging EMEA,True,True,True,True,False,5
CUST-00004,ORD-00090425,CM-IOD-A,165,198.71702197470447,863,PLT-SG,186.14480425625484,199.53754757803677,863,BATCH-002269,Diagnostic Imaging EMEA,True,False,True,False,False,5
CUST-00226,ORD-00090427,CM-IOD-A,162,198.25772980479655,1580,PLT-SG,186.6464465346911,199.27219310994903,1580,BATCH-002269,Diagnostic Imaging EMEA,True,False,True,False,False,5
CUST-00007,ORD-00090570,CM-BAR-A,177,209.12363292341647,790,PLT-SG,194.71727492249502,207.72093778234844,790,BATCH-002273,Diagnostic Imaging EMEA,True,True,True,True,False,5
CUST-00051,ORD-00090572,CM-BAR-A,178,210.36116439317559,1599,PLT-SG,198.38608170776624,213.48950198534223,1599,BATCH-002273,Diagnostic Imaging Americas,True,False,True,False,False,5
CUST-00173,ORD-00090583,CM-BAR-A,179,210.1619664506081,336,PLT-SG,201.10730148500042,213.07653955430965,336,BATCH-002273,Diagnostic Imaging EMEA,True,False,True,False,False,5
CUST-00017,ORD-00090589,CM-BAR-A,178,211.31791996088853,492,PLT-SG,196.21759229808794,199.42128553383,492,BATCH-002273,Diagnostic Imaging APAC,True,True,True,True,False,5
CUST-00236,ORD-00090590,CM-BAR-A,177,207.3094128698312,710,PLT-SG,195.72907513599256,208.37422774858018,710,BATCH-002273,Diagnostic Imaging EMEA,True,False,True,False,False,5
CUST-00110,ORD-00090591,CM-BAR-A,177,208.05388032647122,734,PLT-SG,198.1792753251338,201.2808407321343,734,BATCH-002273,Diagnostic Imaging APAC,True,True,True,True,False,5
CUST-00129,ORD-00090604,CM-BAR-A,178,209.973594997595,1116,PLT-SG,196.4807881112682,210.84999228324753,915,BATCH-002273,Diagnostic Imaging Americas,True,False,False,False,False,5
CUST-00175,ORD-00090615,CM-GAD-B,151,191.6751668011186,390,PLT-SG,176.86863105464943,180.77916043344771,390,BATCH-002274,Diagnostic Imaging APAC,True,True,True,True,False,5
CUST-00160,ORD-00090629,CM-GAD-B,150,192.46570466430634,470,PLT-SG,175.3695471044481,189.6759035075998,470,BATCH-002274,Diagnostic Imaging Americas,True,True,True,True,False,5
CUST-00167,ORD-00090632,CM-GAD-B,150,191.2451755124035,387,PLT-SG,175.1687076940292,189.3382860381278,387,BATCH-002274,Diagnostic Imaging Americas,True,True,True,True,False,5
CUST-00192,ORD-00090774,CM-GAD-B,179,219.54583666416204,723,PLT-SG,210.60504185899526,215.10419901127506,723,BATCH-002277,Diagnostic Imaging APAC,True,True,True,True,False,5
CUST-00241,ORD-00090792,CM-GAD-B,178,218.23522295278673,950,PLT-SG,209.57399938627648,223.2898017909323,481,BATCH-002277,Diagnostic Imaging EMEA,True,False,False,False,False,5
CUST-00160,ORD-00091018,CM-BAR-A,164,194.9665297724889,745,PLT-NL,180.23736891168153,190.20754368647886,745,BATCH-002283,Diagnostic Imaging Americas,True,True,True,True,False,5
CUST-00147,ORD-00091020,CM-BAR-A,162,194.42774748951695,975,PLT-NL,182.40500863027773,185.99434309504932,975,BATCH-002283,Diagnostic Imaging EMEA,True,True,True,True,False,5
CUST-00243,ORD-00091028,CM-BAR-A,164,196.05641423183184,639,PLT-NL,179.72170180449825,182.93373221467593,639,BATCH-002283,Diagnostic Imaging EMEA,True,True,True,True,False,5
CUST-00104,ORD-00091029,CM-BAR-A,165,198.1869967622502,977,PLT-NL,181.14012724901926,192.9218500139096,977,BATCH-002283,Diagnostic Imaging APAC,True,True,True,True,False,5
CUST-00022,ORD-00091047,CM-BAR-A,161,192.99626736277656,864,PLT-NL,181.41394263973305,185.52892649978318,864,BATCH-002283,Diagnostic Imaging EMEA,True,True,True,True,False,5
CUST-00124,ORD-00091050,CM-BAR-A,164,196.25925039988485,745,PLT-NL,181.37914532397195,185.01612405544412,745,BATCH-002283,Diagnostic Imaging EMEA,True,True,True,True,False,5
CUST-00008,ORD-00091212,CM-BAR-A,170,201.38885372502094,817,PLT-NL,190.052970398928,192.5915726214788,817,BATCH-002288,Diagnostic Imaging EMEA,True,True,True,True,False,5
CUST-00191,ORD-00091223,CM-BAR-A,172,203.09420126840382,897,PLT-NL,190.48466796246458,199.19616538393882,897,BATCH-002288,Diagnostic Imaging Americas,True,True,True,True,False,5
CUST-00004,ORD-00091225,CM-BAR-A,170,200.51244275061677,585,PLT-NL,190.7447153432777,193.69348394678096,585,BATCH-002288,Diagnostic Imaging EMEA,True,True,True,True,False,5
CUST-00149,ORD-00091233,CM-BAR-A,172,205.42978221974045,761,PLT-NL,190.48258180756258,192.98235164857152,761,BATCH-002288,Diagnostic Imaging EMEA,True,True,True,True,False,5
CUST-00257,ORD-00091882,CM-BAR-B,169,201.79197595428286,1183,PLT-NL,188.34021844132886,201.3010020693074,1183,BATCH-002305,Diagnostic Imaging APAC,True,True,True,True,False,5
CUST-00021,ORD-00093054,CM-GAD-A,157,196.16313607508533,503,PLT-NL,,,0,BATCH-002335,Diagnostic Imaging EMEA,False,False,False,False,True,5
CUST-00017,ORD-00093056,CM-GAD-A,154,193.2574904103346,367,PLT-NL,182.19999352451973,194.1442640007701,367,BATCH-002335,Diagnostic Imaging APAC,True,False,True,False,False,5
CUST-00028,ORD-00093062,CM-GAD-A,157,197.82857050966675,1129,PLT-NL,180.42936740490228,189.01099201028126,1129,BATCH-002335,Diagnostic Imaging Americas,True,True,True,True,False,5
CUST-00017,ORD-00093069,CM-GAD-A,157,198.44148858685853,693,PLT-NL,180.6024949360299,191.4609172702724,693,BATCH-002335,Diagnostic Imaging APAC,True,True,True,True,False,5
CUST-00106,ORD-00093078,CM-GAD-A,158,198.81254594898576,605,PLT-NL,182.76008401802648,191.6599068169764,605,BATCH-002335,Diagnostic Imaging Americas,True,True,True,True,False,5
CUST-00191,ORD-00093081,CM-GAD-A,156,196.96263561593102,1395,PLT-NL,182.06454902785467,190.81598895052704,1395,BATCH-002335,Diagnostic Imaging Americas,True,True,True,True,False,5
CUST-00175,ORD-00093359,CM-GAD-B,169,206.85854313838254,884,PLT-NL,195.1752108494369,206.00163467402857,884,BATCH-002342,Diagnostic Imaging APAC,True,True,True,True,False,5
CUST-00112,ORD-00093367,CM-GAD-B,165,205.37538627317903,605,PLT-NL,193.5828799022893,202.97500027234486,605,BATCH-002342,Diagnostic Imaging Americas,True,True,True,True,False,5
CUST-00255,ORD-00093369,CM-GAD-B,165,203.18333509284105,543,PLT-NL,195.10718208095062,206.6773039846402,543,BATCH-002342,Diagnostic Imaging APAC,True,False,True,False,False,5
CUST-00019,ORD-00096286,CM-GAD-A,154,193.52773077912357,607,PLT-NL,177.8443248974393,185.92285068427154,607,BATCH-002415,Diagnostic Imaging Americas,True,True,True,True,False,5
CUST-00216,ORD-00096313,CM-GAD-A,154,193.51622013301642,552,PLT-NL,178.10813188362027,187.9056338818126,552,BATCH-002415,Diagnostic Imaging Americas,True,True,True,True,False,5
CUST-00054,ORD-00096318,CM-GAD-A,154,193.97419916773845,937,PLT-NL,178.31480125528049,187.10072536113327,937,BATCH-002415,Diagnostic Imaging Americas,True,True,True,True,False,5
CUST-00015,ORD-00097900,CM-BAR-A,176,207.99398409607542,932,PLT-NL,194.98509150350637,197.31325152541277,932,BATCH-002454,Diagnostic Imaging EMEA,True,True,True,True,False,5
CUST-00157,ORD-00097928,CM-GAD-B,171,211.22742798418395,585,PLT-NL,201.075759860161,204.8057314436616,585,BATCH-002455,Diagnostic Imaging EMEA,True,True,True,True,False,5
CUST-00029,ORD-00097938,CM-GAD-B,169,209.7036171945177,844,PLT-NL,197.87736653996785,209.39576495629515,844,BATCH-002455,Diagnostic Imaging APAC,True,True,True,True,False,5
CUST-00049,ORD-00097942,CM-GAD-B,170,209.91207409610755,409,PLT-NL,200.97673017435378,210.71465729533546,409,BATCH-002455,Diagnostic Imaging Americas,True,False,True,False,False,5
CUST-00026,ORD-00098346,CM-IOD-A,156,191.49776032028961,1344,PLT-IT,181.25753144777457,193.03585081366293,1344,BATCH-002465,Diagnostic Imaging APAC,True,False,True,False,False,5
CUST-00137,ORD-00098355,CM-IOD-A,159,194.9723748718296,730,PLT-IT,181.36870841695935,184.0964004000089,730,BATCH-002465,Diagnostic Imaging EMEA,True,True,True,True,False,5
CUST-00205,ORD-00098357,CM-IOD-A,156,190.08653917097348,1194,PLT-IT,181.09776729294137,184.08510771240282,1194,BATCH-002465,Diagnostic Imaging EMEA,True,True,True,True,False,5
CUST-00106,ORD-00098359,CM-IOD-A,157,190.38507085867752,1768,PLT-IT,179.78779146962916,189.48145363248037,882,BATCH-002465,Diagnostic Imaging Americas,True,True,False,False,False,5
CUST-00090,ORD-00098360,CM-IOD-A,159,194.35277179379256,1106,PLT-IT,179.23710542578635,181.86426793654638,1106,BATCH-002465,Diagnostic Imaging EMEA,True,True,True,True,False,5
CUST-00176,ORD-00098372,CM-IOD-A,155,193.52249521795918,952,PLT-IT,179.10897475705167,188.63460510606166,952,BATCH-002465,Diagnostic Imaging Americas,True,True,True,True,False,5
CUST-00182,ORD-00098581,CM-GAD-B,157,197.63533060569867,214,PLT-IT,182.7978584634022,184.3795665801057,214,BATCH-002471,Diagnostic Imaging EMEA,True,True,True,True,False,5
CUST-00243,ORD-00098585,CM-GAD-B,158,197.76056261894425,655,PLT-IT,184.09402219536898,187.28925948047868,655,BATCH-002471,Diagnostic Imaging EMEA,True,True,True,True,False,5
CUST-00194,ORD-00098589,CM-GAD-B,156,197.3679167250676,1169,PLT-IT,180.8418548546167,192.90227575913772,1169,BATCH-002471,Diagnostic Imaging APAC,True,True,True,True,False,5
CUST-00050,ORD-00098602,CM-GAD-B,157,197.1202844812349,678,PLT-IT,185.78660642020336,195.23841166353233,678,BATCH-002471,Diagnostic Imaging Americas,True,True,True,True,False,5
CUST-00238,ORD-00100508,CM-GAD-A,166,205.88687168449232,443,PLT-SG,194.80704590087845,207.5198290363642,443,BATCH-002521,Diagnostic Imaging EMEA,True,False,True,False,False,5
CUST-00103,ORD-00100534,CM-GAD-A,167,205.81573732493743,879,PLT-SG,195.9357616103449,209.93146852759483,676,BATCH-002521,Diagnostic Imaging Americas,True,False,False,False,False,5
CUST-00153,ORD-00101039,CM-BAR-B,163,194.67204468781483,903,PLT-IT,182.3300344142984,184.63765876927314,903,BATCH-002534,Diagnostic Imaging EMEA,True,True,True,True,False,5
CUST-00078,ORD-00101040,CM-BAR-B,161,194.0153309829646,553,PLT-IT,183.67960043861262,194.1838642258331,553,BATCH-002534,Diagnostic Imaging APAC,True,False,True,False,False,5
CUST-00032,ORD-00101044,CM-BAR-B,163,193.73910288188947,757,PLT-IT,180.89441094531782,190.55986764281454,757,BATCH-002534,Diagnostic Imaging Americas,True,True,True,True,False,5
CUST-00151,ORD-00101050,CM-BAR-B,161,193.65365203614604,931,PLT-IT,183.07959427748978,186.7415741209791,931,BATCH-002534,Diagnostic Imaging EMEA,True,True,True,True,False,5
CUST-00243,ORD-00101061,CM-BAR-B,159,191.40877437669712,455,PLT-IT,183.5572047559776,185.8817308879657,368,BATCH-002534,Diagnostic Imaging EMEA,True,True,False,False,False,5
CUST-00079,ORD-00101073,CM-BAR-B,162,194.059681616852,431,PLT-IT,184.8933121560461,187.30240595831097,431,BATCH-002534,Diagnostic Imaging EMEA,True,True,True,True,False,5
CUST-00252,ORD-00101078,CM-BAR-B,161,193.82122302714882,1879,PLT-IT,184.8348559849998,194.60283981802644,1879,BATCH-002534,Diagnostic Imaging Americas,True,False,True,False,False,5
CUST-00222,ORD-00101838,CM-BAR-B,167,199.71957011559928,501,PLT-NL,192.43432419828045,204.4943052137796,501,BATCH-002553,Diagnostic Imaging APAC,True,False,True,False,False,5
CUST-00000,ORD-00101866,CM-BAR-B,170,203.55273341522832,535,PLT-NL,189.63293555466132,199.3526456669377,535,BATCH-002553,Diagnostic Imaging Americas,True,True,True,True,False,5
CUST-00259,ORD-00101885,CM-BAR-B,168,200.25285757073928,863,PLT-NL,192.40041818931954,195.59015996249335,863,BATCH-002553,Diagnostic Imaging EMEA,True,True,True,True,False,5
CUST-00160,ORD-00101889,CM-BAR-B,171,201.47106694865852,851,PLT-NL,190.08874592198248,199.60290563284903,851,BATCH-002553,Diagnostic Imaging Americas,True,True,True,True,False,5
CUST-00226,ORD-00101891,CM-BAR-B,168,200.760674019052,803,PLT-NL,192.08580464845477,195.52476705736615,803,BATCH-002553,Diagnostic Imaging EMEA,True,True,True,True,False,5
CUST-00254,ORD-00102793,CM-GAD-B,150,189.719770845641,814,PLT-NL,180.22934164288102,191.31892928391713,814,BATCH-002576,Diagnostic Imaging APAC,True,False,True,False,False,5
CUST-00098,ORD-00102797,CM-GAD-B,151,189.9015243616539,886,PLT-NL,177.82203420796537,180.1656522861763,886,BATCH-002576,Diagnostic Imaging EMEA,True,True,True,True,False,5
CUST-00118,ORD-00102801,CM-GAD-B,154,192.70197767204243,480,PLT-NL,178.92214674594328,181.08773449387454,480,BATCH-002576,Diagnostic Imaging EMEA,True,True,True,True,False,5
CUST-00127,ORD-00102805,CM-GAD-B,150,190.27046387285833,939,PLT-NL,181.45576318550894,186.16110080392426,939,BATCH-002576,Diagnostic Imaging EMEA,True,True,True,True,False,5
CUST-00082,ORD-00102811,CM-GAD-B,154,190.96764366143498,509,PLT-NL,181.25231925144703,183.83967623667417,509,BATCH-002576,Diagnostic Imaging EMEA,True,True,True,True,False,5
CUST-00111,ORD-00103098,CM-BAR-B,172,202.51751005305712,403,PLT-NL,190.62011029385843,193.19868418466825,403,BATCH-002584,Diagnostic Imaging EMEA,True,True,True,True,False,5
CUST-00109,ORD-00103103,CM-BAR-B,173,204.18828966238652,1179,PLT-NL,191.31408373405523,195.79727906832105,1179,BATCH-002584,Diagnostic Imaging EMEA,True,True,True,True,False,5
CUST-00013,ORD-00103110,CM-BAR-B,175,207.51263346729527,685,PLT-NL,191.6125742220721,204.6050758848011,685,BATCH-002584,Diagnostic Imaging APAC,True,True,True,True,False,5
CUST-00186,ORD-00105322,CM-IOD-B,169,205.61578750392533,1639,PLT-IT,193.74760722287357,202.5262449248509,1639,BATCH-002640,Diagnostic Imaging Americas,True,True,True,True,False,5
CUST-00236,ORD-00105323,CM-IOD-B,174,209.51919404534746,2506,PLT-IT,194.66892671555397,197.97316939723174,2506,BATCH-002640,Diagnostic Imaging EMEA,True,True,True,True,False,5
CUST-00096,ORD-00105333,CM-IOD-B,174,208.51325754695412,818,PLT-IT,195.64077712051738,197.41959966795633,818,BATCH-002640,Diagnostic Imaging EMEA,True,True,True,True,False,5
CUST-00067,ORD-00105339,CM-IOD-B,171,205.5008039564137,1011,PLT-IT,193.6824274251355,196.44228665667885,1011,BATCH-002640,Diagnostic Imaging EMEA,True,True,True,True,False,5
CUST-00033,ORD-00105678,CM-BAR-A,177,208.39595800274262,801,PLT-NL,198.7305931226794,206.9736648933421,801,BATCH-002651,Diagnostic Imaging Americas,True,True,True,True,False,5
CUST-00193,ORD-00105694,CM-BAR-A,178,210.41997917001976,875,PLT-NL,198.48963300904936,210.9895675541434,875,BATCH-002651,Diagnostic Imaging APAC,True,False,True,False,False,5
CUST-00181,ORD-00106473,CM-GAD-A,166,205.47555525442482,613,PLT-SG,189.90416060607015,202.88080487351363,613,BATCH-002670,Diagnostic Imaging EMEA,True,True,True,True,False,5
CUST-00043,ORD-00106476,CM-GAD-A,164,201.9309500541224,323,PLT-SG,191.57469846200047,204.4778739329688,323,BATCH-002670,Diagnostic Imaging EMEA,True,False,True,False,False,5
CUST-00122,ORD-00106481,CM-GAD-A,164,205.3723473839118,556,PLT-SG,193.3553250828107,208.01456829968444,556,BATCH-002670,Diagnostic Imaging EMEA,True,False,True,False,False,5
CUST-00154,ORD-00106485,CM-GAD-A,165,204.4600557928629,455,PLT-SG,190.1842854408914,203.03264361355156,455,BATCH-002670,Diagnostic Imaging EMEA,True,True,True,True,False,5
CUST-00210,ORD-00106513,CM-GAD-A,166,206.31405340827274,710,PLT-SG,191.74937868113145,196.0117195810994,710,BATCH-002670,Diagnostic Imaging APAC,True,True,True,True,False,5
CUST-00106,ORD-00106523,CM-GAD-A,168,210.02151699186936,561,PLT-SG,191.95161212107445,206.45195991844827,561,BATCH-002670,Diagnostic Imaging Americas,True,True,True,True,False,5
CUST-00234,ORD-00107897,CM-GAD-B,162,202.47413672135602,685,PLT-IT,191.39436015954735,202.30289850949237,685,BATCH-002705,Diagnostic Imaging APAC,True,True,True,True,False,5
CUST-00012,ORD-00107899,CM-GAD-B,162,202.08039705341042,658,PLT-IT,190.8993143984593,193.82481072662452,658,BATCH-002705,Diagnostic Imaging EMEA,True,True,True,True,False,5
CUST-00096,ORD-00107900,CM-GAD-B,166,206.58163912093252,548,PLT-IT,192.6443904227274,194.94492962588197,548,BATCH-002705,Diagnostic Imaging EMEA,True,True,True,True,False,5
CUST-00228,ORD-00107916,CM-GAD-B,162,200.74249811221705,710,PLT-IT,193.78348810290245,197.40527320051413,710,BATCH-002705,Diagnostic Imaging EMEA,True,True,True,True,False,5
CUST-00196,ORD-00108795,CM-BAR-A,152,184.7424483049294,721,PLT-NL,170.4636227342232,174.76460530694965,721,BATCH-002728,Diagnostic Imaging EMEA,True,True,True,True,False,5
CUST-00083,ORD-00108797,CM-BAR-A,153,186.00110155253697,824,PLT-NL,170.46752839117707,173.92107107299893,824,BATCH-002728,Diagnostic Imaging EMEA,True,True,True,True,False,5
CUST-00148,ORD-00108802,CM-BAR-A,153,184.92830988095594,889,PLT-NL,167.9829125874875,171.2512204607888,889,BATCH-002728,Diagnostic Imaging EMEA,True,True,True,True,False,5
CUST-00180,ORD-00108812,CM-BAR-A,153,184.47972730704112,751,PLT-NL,170.29259820875316,172.35243891072125,751,BATCH-002728,Diagnostic Imaging EMEA,True,True,True,True,False,5
CUST-00226,ORD-00108822,CM-BAR-A,153,182.6598247162789,982,PLT-NL,168.59379426990625,171.51592997318525,982,BATCH-002728,Diagnostic Imaging EMEA,True,True,True,True,False,5
CUST-00148,ORD-00109655,CM-GAD-B,152,192.49628843590472,408,PLT-NL,181.37534023465477,184.9903211959322,408,BATCH-002748,Diagnostic Imaging EMEA,True,True,True,True,False,5
CUST-00141,ORD-00109659,CM-GAD-B,152,190.76276625498193,941,PLT-NL,180.47904097984986,189.19299424451114,941,BATCH-002748,Diagnostic Imaging Americas,True,True,True,True,False,5
CUST-00168,ORD-00110602,CM-IOD-B,164,199.3796730475564,868,PLT-NL,,,0,BATCH-002771,Diagnostic Imaging EMEA,False,False,False,False,True,5
CUST-00191,ORD-00110611,CM-IOD-B,167,202.1920090977156,752,PLT-NL,186.9868986960876,196.27582009796575,752,BATCH-002771,Diagnostic Imaging Americas,True,True,True,True,False,5
CUST-00040,ORD-00110617,CM-IOD-B,167,203.329135943108,1206,PLT-NL,187.89572219956017,200.05211964493395,637,BATCH-002771,Diagnostic Imaging APAC,True,True,False,False,False,5
CUST-00205,ORD-00110628,CM-IOD-B,168,204.39121394401403,1342,PLT-NL,185.9234956182741,188.97983578154287,1342,BATCH-002771,Diagnostic Imaging EMEA,True,True,True,True,False,5
CUST-00038,ORD-00110700,CM-IOD-B,164,200.23150544835607,795,PLT-IT,190.39858845341445,193.05920722138987,795,BATCH-002773,Diagnostic Imaging EMEA,True,True,True,True,False,5
CUST-00220,ORD-00110879,CM-BAR-B,167,199.64024737967483,878,PLT-NL,189.30345922967473,192.44237878661664,878,BATCH-002778,Diagnostic Imaging EMEA,True,True,True,True,False,5
CUST-00151,ORD-00110881,CM-BAR-B,168,198.3627074636232,942,PLT-NL,186.83130874879893,189.72619208167325,942,BATCH-002778,Diagnostic Imaging EMEA,True,True,True,True,False,5
CUST-00153,ORD-00110885,CM-BAR-B,169,202.11959206683497,766,PLT-NL,186.91123018137105,190.73814995304625,766,BATCH-002778,Diagnostic Imaging EMEA,True,True,True,True,False,5
CUST-00026,ORD-00110893,CM-BAR-B,166,199.24808526859223,714,PLT-NL,187.71051485601902,199.41980502991646,714,BATCH-002778,Diagnostic Imaging APAC,True,False,True,False,False,5
CUST-00171,ORD-00110904,CM-BAR-B,167,199.98664054543156,440,PLT-NL,187.4150765922787,199.83707104643202,440,BATCH-002778,Diagnostic Imaging APAC,True,True,True,True,False,5
CUST-00028,ORD-00110905,CM-BAR-B,165,195.13824645908338,721,PLT-NL,187.62881327661694,196.51158887553706,721,BATCH-002778,Diagnostic Imaging Americas,True,False,True,False,False,5
CUST-00181,ORD-00111162,CM-IOD-B,177,210.1829710163025,901,PLT-NL,199.50340010296088,202.65535705293576,901,BATCH-002786,Diagnostic Imaging EMEA,True,True,True,True,False,5
CUST-00252,ORD-00111172,CM-IOD-B,179,212.38125847723646,781,PLT-NL,198.96139770358292,208.04709446578173,781,BATCH-002786,Diagnostic Imaging Americas,True,True,True,True,False,5
CUST-00012,ORD-00111423,CM-GAD-B,159,199.2443618755048,581,PLT-NL,187.18382196874907,190.86189684005873,581,BATCH-002793,Diagnostic Imaging EMEA,True,True,True,True,False,5
CUST-00187,ORD-00111438,CM-GAD-B,163,202.35751792082522,544,PLT-NL,187.77475730466054,191.41260649870813,544,BATCH-002793,Diagnostic Imaging EMEA,True,True,True,True,False,5
CUST-00142,ORD-00111445,CM-GAD-B,163,202.88954477657555,1050,PLT-NL,187.85598482958898,190.50795349528346,1050,BATCH-002793,Diagnostic Imaging EMEA,True,True,True,True,False,5
CUST-00066,ORD-00111460,CM-GAD-B,162,202.16418992291116,515,PLT-NL,188.95570441300669,200.85624552979826,515,BATCH-002793,Diagnostic Imaging APAC,True,True,True,True,False,5
CUST-00249,ORD-00111480,CM-IOD-B,167,202.27817402494645,786,PLT-NL,187.7930424995669,190.25584436435537,348,BATCH-002794,Diagnostic Imaging EMEA,True,True,False,False,False,5
CUST-00130,ORD-00111483,CM-IOD-B,163,198.68080913241533,506,PLT-NL,190.21648676398377,201.71275427260602,434,BATCH-002794,Diagnostic Imaging APAC,True,False,False,False,False,5
CUST-00061,ORD-00111494,CM-IOD-B,165,201.39933558061367,995,PLT-NL,191.89444487341603,200.6564313492512,995,BATCH-002794,Diagnostic Imaging Americas,True,True,True,True,False,5
CUST-00027,ORD-00111504,CM-GAD-B,168,209.4825955327268,647,PLT-NL,196.15746552161914,205.88822192662013,647,BATCH-002795,Diagnostic Imaging Americas,True,True,True,True,False,5
CUST-00231,ORD-00111519,CM-GAD-B,170,210.37055466124667,454,PLT-NL,194.65715935649575,207.9677315718946,454,BATCH-002795,Diagnostic Imaging APAC,True,True,True,True,False,5
CUST-00232,ORD-00111543,CM-IOD-A,156,192.3505998885772,1505,PLT-NL,174.56907177030732,177.610207582297,1505,BATCH-002796,Diagnostic Imaging EMEA,True,True,True,True,False,5
CUST-00084,ORD-00112399,CM-BAR-A,154,186.6732678426872,1067,PLT-IT,168.4214018082362,171.44687346704765,1067,BATCH-002817,Diagnostic Imaging EMEA,True,True,True,True,False,5
CUST-00082,ORD-00112410,CM-BAR-A,152,183.47646209010293,872,PLT-IT,170.8976572047149,175.16597517577313,872,BATCH-002817,Diagnostic Imaging EMEA,True,True,True,True,False,5
CUST-00231,ORD-00112417,CM-BAR-A,154,184.52534413689975,505,PLT-IT,170.66596295151385,182.55053871633575,505,BATCH-002817,Diagnostic Imaging APAC,True,True,True,True,False,5
CUST-00095,ORD-00112428,CM-BAR-A,152,183.67376982816654,700,PLT-IT,170.3151027526809,179.32956119567,700,BATCH-002817,Diagnostic Imaging Americas,True,True,True,True,False,5
CUST-00116,ORD-00112432,CM-BAR-A,151,181.90012552909414,313,PLT-IT,168.11746699617987,172.2361572798343,313,BATCH-002817,Diagnostic Imaging EMEA,True,True,True,True,False,5
CUST-00100,ORD-00112902,CM-BAR-A,176,207.9857991424393,649,PLT-IT,197.20967115322728,200.30649984858826,649,BATCH-002829,Diagnostic Imaging EMEA,True,True,True,True,False,5
CUST-00208,ORD-00113871,CM-IOD-B,165,199.12773040531602,841,PLT-IT,187.27920214851747,199.67001705610386,841,BATCH-002852,Diagnostic Imaging APAC,True,False,True,False,False,5
CUST-00256,ORD-00113875,CM-IOD-B,167,201.86917026445406,673,PLT-IT,188.53385330827513,200.09824954470798,673,BATCH-002852,Diagnostic Imaging APAC,True,True,True,True,False,5
CUST-00019,ORD-00113892,CM-IOD-B,165,199.69386705783558,754,PLT-IT,188.27640922608776,197.20785221190448,754,BATCH-002852,Diagnostic Imaging Americas,True,True,True,True,False,5
CUST-00156,ORD-00113893,CM-IOD-B,165,200.36030035826766,1545,PLT-IT,189.06285454754163,198.4471659674411,1545,BATCH-002852,Diagnostic Imaging Americas,True,True,True,True,False,5
CUST-00091,ORD-00113898,CM-IOD-B,168,201.60262330990335,669,PLT-IT,188.4312392572853,192.0442693831999,669,BATCH-002852,Diagnostic Imaging EMEA,True,True,True,True,False,5
CUST-00030,ORD-00115430,CM-IOD-A,178,211.46812729600276,601,PLT-IT,201.4572082053271,204.5222125658418,601,BATCH-002891,Diagnostic Imaging EMEA,True,True,True,True,False,5
CUST-00221,ORD-00115513,CM-BAR-A,166,199.3974686446925,815,PLT-NL,184.31273339975718,198.37792314508923,815,BATCH-002894,Diagnostic Imaging APAC,True,True,True,True,False,5
CUST-00221,ORD-00115515,CM-BAR-A,171,205.62591854884465,619,PLT-NL,186.33953273833856,197.5164537696112,619,BATCH-002894,Diagnostic Imaging APAC,True,True,True,True,False,5
CUST-00189,ORD-00117096,CM-BAR-A,166,198.82675007996377,965,PLT-SG,181.54716219967443,195.24115638590987,965,BATCH-002933,Diagnostic Imaging EMEA,True,True,True,True,False,5
CUST-00213,ORD-00117107,CM-BAR-A,167,198.01980451648197,591,PLT-SG,182.4531477983352,187.45518810197805,257,BATCH-002933,Diagnostic Imaging APAC,True,True,False,False,False,5
CUST-00055,ORD-00117108,CM-BAR-A,166,195.8711128656829,1304,PLT-SG,184.03654570601,198.79785894693973,1304,BATCH-002933,Diagnostic Imaging Americas,True,False,True,False,False,5
CUST-00142,ORD-00117112,CM-BAR-A,165,196.3181949496435,994,PLT-SG,183.65894858728907,197.43603812611883,994,BATCH-002933,Diagnostic Imaging EMEA,True,False,True,False,False,5
CUST-00174,ORD-00117309,CM-BAR-A,153,186.02221157145726,853,PLT-IT,171.62996120267408,182.39545877984727,853,BATCH-002939,Diagnostic Imaging Americas,True,True,True,True,False,5
CUST-00114,ORD-00117330,CM-BAR-A,153,186.89778889197618,667,PLT-IT,171.67644942163355,174.7452518164702,667,BATCH-002939,Diagnostic Imaging EMEA,True,True,True,True,False,5
CUST-00117,ORD-00117340,CM-BAR-A,153,185.14940204051203,604,PLT-IT,173.3330106619885,177.74016624219541,604,BATCH-002939,Diagnostic Imaging EMEA,True,True,True,True,False,5
CUST-00232,ORD-00117342,CM-BAR-A,150,180.14906597947137,573,PLT-IT,170.0966242526391,173.08384864574992,308,BATCH-002939,Diagnostic Imaging EMEA,True,True,False,False,False,5
CUST-00149,ORD-00117347,CM-BAR-A,151,182.28655961129755,1004,PLT-IT,171.30701360646776,174.98248527894233,1004,BATCH-002939,Diagnostic Imaging EMEA,True,True,True,True,False,5
CUST-00162,ORD-00118937,CM-BAR-B,151,182.46435029365526,363,PLT-IT,169.6080482596316,177.7341378482011,363,BATCH-002980,Diagnostic Imaging Americas,True,True,True,True,False,5
CUST-00147,ORD-00118948,CM-BAR-B,151,184.4397797251586,757,PLT-IT,167.10510043843428,169.26925221786234,757,BATCH-002980,Diagnostic Imaging EMEA,True,True,True,True,False,5
CUST-00163,ORD-00118965,CM-BAR-B,150,180.1464654681436,498,PLT-IT,170.43358622550718,182.84363504601768,498,BATCH-002980,Diagnostic Imaging APAC,True,False,True,False,False,5
CUST-00141,ORD-00120106,CM-BAR-A,179,211.22716132677962,1098,PLT-IT,200.98583822785352,210.19997178789737,1098,BATCH-003007,Diagnostic Imaging Americas,True,True,True,True,False,5
CUST-00120,ORD-00121765,CM-BAR-A,164,197.3401131792932,909,PLT-SG,184.41123768141875,187.57757942225376,909,BATCH-003048,Diagnostic Imaging APAC,True,True,True,True,False,5
CUST-00198,ORD-00121766,CM-BAR-A,163,192.6015985752705,598,PLT-SG,184.0455227127702,196.73640044015266,598,BATCH-003048,Diagnostic Imaging EMEA,True,False,True,False,False,5
CUST-00106,ORD-00121769,CM-BAR-A,162,192.743492052823,543,PLT-SG,182.50202047404696,196.5729332242893,543,BATCH-003048,Diagnostic Imaging Americas,True,False,True,False,False,5
CUST-00227,ORD-00121781,CM-BAR-A,162,193.1278310147162,760,PLT-SG,181.33405196157418,194.41300727424795,760,BATCH-003048,Diagnostic Imaging EMEA,True,False,True,False,False,5
CUST-00039,ORD-00121785,CM-BAR-A,162,194.2677100996336,559,PLT-SG,182.40999002038762,195.38792805020512,559,BATCH-003048,Diagnostic Imaging EMEA,True,False,True,False,False,5
CUST-00252,ORD-00121786,CM-BAR-A,161,192.25554889084083,613,PLT-SG,180.88834631650633,195.0250426359525,613,BATCH-003048,Diagnostic Imaging Americas,True,False,True,False,False,5
CUST-00209,ORD-00121803,CM-BAR-A,166,200.33204460986946,842,PLT-SG,180.51654188411413,184.07215983292036,842,BATCH-003048,Diagnostic Imaging APAC,True,True,True,True,False,5
CUST-00259,ORD-00122124,CM-GAD-A,160,200.89724827058663,414,PLT-NL,190.40280353454108,193.76549188549515,414,BATCH-003056,Diagnostic Imaging EMEA,True,True,True,True,False,5
CUST-00113,ORD-00122126,CM-GAD-A,165,203.55752467004714,970,PLT-NL,191.569658060132,195.17475070478386,970,BATCH-003056,Diagnostic Imaging EMEA,True,True,True,True,False,5
CUST-00153,ORD-00122128,CM-GAD-A,162,203.89838364363916,849,PLT-NL,188.4920595035641,190.9987768203062,849,BATCH-003056,Diagnostic Imaging EMEA,True,True,True,True,False,5
CUST-00117,ORD-00122132,CM-GAD-A,162,203.6805936278912,536,PLT-NL,189.342884557218,191.87967964472978,536,BATCH-003056,Diagnostic Imaging EMEA,True,True,True,True,False,5
CUST-00119,ORD-00122443,CM-IOD-B,167,202.18528527021655,1767,PLT-IT,191.75168322940397,194.52950769074494,1767,BATCH-003065,Diagnostic Imaging EMEA,True,True,True,True,False,5
CUST-00204,ORD-00122445,CM-IOD-B,168,204.61914299000702,1048,PLT-IT,190.74331998660588,193.30948749150704,1048,BATCH-003065,Diagnostic Imaging EMEA,True,True,True,True,False,5
CUST-00097,ORD-00122467,CM-IOD-B,166,199.156107540349,562,PLT-IT,190.04905674459454,198.56548865117946,562,BATCH-003065,Diagnostic Imaging Americas,True,True,True,True,False,5
CUST-00145,ORD-00122476,CM-IOD-B,170,204.35986950676508,902,PLT-IT,191.77884507290855,195.3420796805335,902,BATCH-003065,Diagnostic Imaging EMEA,True,True,True,True,False,5
CUST-00083,ORD-00122482,CM-IOD-B,170,204.21003426140385,1288,PLT-IT,188.76612776980102,192.68602728930819,1288,BATCH-003065,Diagnostic Imaging EMEA,True,True,True,True,False,5
CUST-00054,ORD-00123453,CM-BAR-A,151,184.05132289769264,884,PLT-NL,167.08590861363496,176.87065174056357,884,BATCH-003091,Diagnostic Imaging Americas,True,True,True,True,False,5
CUST-00251,ORD-00126417,CM-BAR-B,179,212.55990426564205,1040,PLT-NL,198.0567742363397,209.68169552683216,1040,BATCH-003167,Diagnostic Imaging APAC,True,True,True,True,False,5
CUST-00163,ORD-00126418,CM-BAR-B,179,213.64748062940606,812,PLT-NL,199.58133480972822,211.88406636032335,812,BATCH-003167,Diagnostic Imaging APAC,True,True,True,True,False,5
CUST-00241,ORD-00126873,CM-BAR-B,174,205.52034499780314,427,PLT-SG,188.40382621614359,201.30407382526812,427,BATCH-003180,Diagnostic Imaging EMEA,True,True,True,True,False,5
CUST-00094,ORD-00126888,CM-BAR-B,169,198.4664499137344,652,PLT-SG,191.32600260746062,202.43340397538086,652,BATCH-003180,Diagnostic Imaging EMEA,True,False,True,False,False,5
CUST-00045,ORD-00126895,CM-BAR-B,174,204.6661886596308,430,PLT-SG,189.13575346905884,203.32128688412266,430,BATCH-003180,Diagnostic Imaging EMEA,True,True,True,True,False,5
CUST-00160,ORD-00126907,CM-BAR-B,174,207.71711051485156,387,PLT-SG,188.90566369058192,204.37180896606014,387,BATCH-003180,Diagnostic Imaging Americas,True,True,True,True,False,5
CUST-00205,ORD-00126909,CM-BAR-B,172,204.64186631549546,479,PLT-SG,192.3696656536121,204.88909048883497,479,BATCH-003180,Diagnostic Imaging EMEA,True,False,True,False,False,5
CUST-00027,ORD-00126941,CM-GAD-A,166,206.29086799779896,1068,PLT-NL,196.60858200694267,205.80031168532025,1068,BATCH-003182,Diagnostic Imaging Americas,True,True,True,True,False,5
CUST-00110,ORD-00126952,CM-GAD-A,171,210.97011333287577,612,PLT-NL,195.91886071300377,208.678905706658,612,BATCH-003182,Diagnostic Imaging APAC,True,True,True,True,False,5
CUST-00033,ORD-00126971,CM-GAD-A,166,204.26509052436282,555,PLT-NL,195.21963885469196,205.24381808032268,555,BATCH-003182,Diagnostic Imaging Americas,True,False,True,False,False,5
CUST-00070,ORD-00126974,CM-GAD-A,168,207.75351163543573,419,PLT-NL,195.645881261891,204.24007888159517,419,BATCH-003182,Diagnostic Imaging Americas,True,True,True,True,False,5
CUST-00012,ORD-00127239,CM-GAD-B,175,214.26810425409354,826,PLT-SG,198.44282032893247,210.49483500500168,826,BATCH-003189,Diagnostic Imaging EMEA,True,True,True,True,False,5
CUST-00162,ORD-00127245,CM-GAD-B,172,211.35073724736264,1005,PLT-SG,201.4394131144685,216.62264907462395,1005,BATCH-003189,Diagnostic Imaging Americas,True,False,True,False,False,5
CUST-00254,ORD-00127444,CM-IOD-A,150,184.11361540160138,1798,PLT-NL,174.0353410954175,186.40837594794903,1798,BATCH-003194,Diagnostic Imaging APAC,True,False,True,False,False,5
CUST-00062,ORD-00129547,CM-BAR-B,175,207.5139275349866,496,PLT-NL,190.6283383057861,203.6166187299446,496,BATCH-003247,Diagnostic Imaging APAC,True,True,True,True,False,5
CUST-00058,ORD-00129558,CM-BAR-B,174,207.4056180507963,844,PLT-NL,188.4550045168641,190.18102385439772,844,BATCH-003247,Diagnostic Imaging EMEA,True,True,True,True,False,5
CUST-00016,ORD-00130137,CM-GAD-A,162,200.27354434671318,689,PLT-IT,189.88654306650673,192.17241471230224,689,BATCH-003262,Diagnostic Imaging EMEA,True,True,True,True,False,5
CUST-00144,ORD-00130144,CM-GAD-A,159,201.73145610229454,882,PLT-IT,187.85149002118018,191.42299890995756,882,BATCH-003262,Diagnostic Imaging EMEA,True,True,True,True,False,5
CUST-00128,ORD-00130892,CM-BAR-A,161,192.34021969938715,820,PLT-NL,182.22402028757108,185.1533085546411,820,BATCH-003280,Diagnostic Imaging EMEA,True,True,True,True,False,5
CUST-00174,ORD-00130904,CM-BAR-A,162,192.6657922147419,649,PLT-NL,181.69745507134897,189.4305593574067,649,BATCH-003280,Diagnostic Imaging Americas,True,True,True,True,False,5
CUST-00176,ORD-00131358,CM-GAD-A,151,189.33608530045382,576,PLT-IT,176.92956775618418,185.5089862493394,576,BATCH-003292,Diagnostic Imaging Americas,True,True,True,True,False,5
CUST-00028,ORD-00131360,CM-GAD-A,151,192.0064055040273,1544,PLT-IT,178.10983104139785,187.52229193929,1544,BATCH-003292,Diagnostic Imaging Americas,True,True,True,True,False,5
CUST-00126,ORD-00131361,CM-GAD-A,150,191.26135099808658,639,PLT-IT,178.73214729029291,189.0042964330016,639,BATCH-003292,Diagnostic Imaging Americas,True,True,True,True,False,5
CUST-00186,ORD-00131367,CM-GAD-A,152,190.9081018054051,612,PLT-IT,176.22712043172663,185.02097277096274,612,BATCH-003292,Diagnostic Imaging Americas,True,True,True,True,False,5
CUST-00199,ORD-00131368,CM-GAD-A,150,189.25397037544323,984,PLT-IT,175.54875259279663,179.5968706785905,984,BATCH-003292,Diagnostic Imaging EMEA,True,True,True,True,False,5
CUST-00162,ORD-00133927,CM-IOD-B,166,200.53355467213473,2439,PLT-NL,185.99266285111756,194.87021309545582,2439,BATCH-003354,Diagnostic Imaging Americas,True,True,True,True,False,5
CUST-00239,ORD-00133929,CM-IOD-B,163,196.54994653595207,1554,PLT-NL,185.81758996360418,189.7237778129533,999,BATCH-003354,Diagnostic Imaging EMEA,True,True,False,False,False,5
CUST-00160,ORD-00133936,CM-IOD-B,165,199.69400776773364,1195,PLT-NL,186.10457268066224,194.49916808110729,1195,BATCH-003354,Diagnostic Imaging Americas,True,True,True,True,False,5
CUST-00050,ORD-00133945,CM-IOD-B,166,198.59372670649873,512,PLT-NL,184.9756110145274,195.62708428565318,512,BATCH-003354,Diagnostic Imaging Americas,True,True,True,True,False,5
